efm,R54ra,R54rb,R13r,R26r,R15r,R96,R94,R95,R93,R91,R8r,R10a,R10b,R10c,R28r,R3,R70,R6r,R2r,R55a,R55b,R4,R12r,R1,R27,R27b,R23r,R9,R14r,RR9,R53r,R80,R82,R29r,R7ra,R7rb,R7rc,R41,R40,R11r,R42,R5r,R25,R24,R22,R21,R20,R60,R61r
100,0.0,0.0,0.0,0.0,-5.0,55.0,3567.0,15.0,139.0,0.0,1865.0,1888.0,1888.0,8.0,-15.0,0.0,1.0,5.0,0.0,0.0,0.0,5.0,13.0,1892.0,0.0,15.0,14.0,0.0,0.0,112.0,3567.0,0.0,0.0,-15.0,1865.0,1865.0,1865.0,0.0,53.0,-5.0,0.0,-5.0,0.0,14.0,14.0,0.0,55.0,1880.0,1880.0
105,29.0,29.0,0.0,0.0,-5.0,0.0,3703.0,70.0,139.0,0.0,1975.0,1998.0,1998.0,8.0,-70.0,0.0,1.0,5.0,0.0,0.0,0.0,5.0,13.0,2002.0,0.0,70.0,14.0,0.0,0.0,167.0,3703.0,0.0,0.0,-70.0,1975.0,1975.0,1975.0,0.0,108.0,-5.0,0.0,-5.0,0.0,14.0,14.0,84.0,0.0,1990.0,1990.0
106,0.0,0.0,0.0,0.0,-5.0,0.0,3732.0,70.0,139.0,0.0,1975.0,1998.0,1998.0,8.0,-70.0,0.0,1.0,5.0,0.0,0.0,0.0,5.0,13.0,2002.0,0.0,70.0,14.0,0.0,0.0,167.0,3732.0,0.0,0.0,-70.0,1975.0,1975.0,1975.0,0.0,108.0,-5.0,0.0,-5.0,0.0,14.0,14.0,55.0,0.0,1990.0,1990.0
107,3522.0,3522.0,0.0,876.75,-5.0,4453.75,0.0,876.75,139.0,0.0,2711.75,2734.75,2734.75,8.0,0.0,0.0,1.0,5.0,0.0,0.0,0.0,5.0,13.0,2738.75,0.0,0.0,890.75,0.0,0.0,973.75,0.0,0.0,0.0,0.0,2711.75,2711.75,2711.75,0.0,914.75,-5.0,0.0,-5.0,876.75,890.75,890.75,0.0,4453.75,2726.75,2726.75
113,933.75,933.75,0.0,14.0,-5.0,1865.5,0.0,14.0,139.0,862.75,986.25,1009.25,1009.25,8.0,0.0,0.0,1.0,5.0,0.0,862.75,862.75,5.0,13.0,1013.25,0.0,0.0,28.0,0.0,0.0,111.0,0.0,0.0,0.0,0.0,986.25,986.25,986.25,0.0,52.0,-5.0,0.0,-5.0,14.0,28.0,28.0,0.0,1865.5,1001.25,1001.25
114,71.0,71.0,0.0,14.0,-5.0,140.0,3451.0,14.0,139.0,0.0,1849.0,1872.0,1872.0,8.0,0.0,0.0,1.0,5.0,0.0,0.0,0.0,5.0,13.0,1876.0,0.0,0.0,28.0,0.0,0.0,111.0,3451.0,0.0,0.0,0.0,1849.0,1849.0,1849.0,0.0,52.0,-5.0,0.0,-5.0,14.0,28.0,28.0,0.0,140.0,1864.0,1864.0
126,3732.0,3732.0,0.0,0.0,-5.0,0.0,0.0,70.0,139.0,0.0,1975.0,1998.0,1998.0,8.0,-70.0,0.0,1.0,5.0,0.0,0.0,0.0,5.0,13.0,2002.0,0.0,70.0,14.0,0.0,0.0,167.0,0.0,0.0,0.0,-70.0,1975.0,1975.0,1975.0,0.0,108.0,-5.0,0.0,-5.0,0.0,14.0,14.0,3787.0,0.0,1990.0,1990.0
136,3718.667,3718.667,-2.667,0.0,-7.667,0.0,0.0,54.0,139.0,0.0,1953.667,1982.0,1982.0,0.0,-54.0,0.0,1.0,10.333,0.0,0.0,0.0,10.333,10.333,1986.0,0.0,54.0,14.0,0.0,-2.667,156.333,0.0,0.0,0.0,-54.0,1953.667,1953.667,1953.667,0.0,92.0,-10.333,0.0,-10.333,0.0,14.0,14.0,3773.667,0.0,1982.0,1982.0
137,21.0,21.0,-2.667,0.0,-7.667,0.0,3697.667,54.0,139.0,0.0,1953.667,1982.0,1982.0,0.0,-54.0,0.0,1.0,10.333,0.0,0.0,0.0,10.333,10.333,1986.0,0.0,54.0,14.0,0.0,-2.667,156.333,3697.667,0.0,0.0,-54.0,1953.667,1953.667,1953.667,0.0,92.0,-10.333,0.0,-10.333,0.0,14.0,14.0,76.0,0.0,1982.0,1982.0
140,0.0,0.0,-2.667,0.0,-7.667,0.0,3718.667,54.0,139.0,0.0,1953.667,1982.0,1982.0,0.0,-54.0,0.0,1.0,10.333,0.0,0.0,0.0,10.333,10.333,1986.0,0.0,54.0,14.0,0.0,-2.667,156.333,3718.667,0.0,0.0,-54.0,1953.667,1953.667,1953.667,0.0,92.0,-10.333,0.0,-10.333,0.0,14.0,14.0,55.0,0.0,1982.0,1982.0
151,3556.667,3556.667,-2.667,889.417,-7.667,4501.083,0.0,889.417,139.0,0.0,2735.083,2763.417,2763.417,0.0,0.0,0.0,1.0,10.333,0.0,0.0,0.0,10.333,10.333,2767.417,0.0,0.0,903.417,0.0,-2.667,991.75,0.0,0.0,0.0,0.0,2735.083,2735.083,2735.083,0.0,927.417,-10.333,0.0,-10.333,889.417,903.417,903.417,0.0,4501.083,2763.417,2763.417
186,954.417,954.417,-2.667,22.0,-7.667,1898.833,0.0,22.0,139.0,867.417,1000.25,1028.583,1028.583,0.0,0.0,0.0,1.0,10.333,0.0,867.417,867.417,10.333,10.333,1032.583,0.0,0.0,36.0,0.0,-2.667,124.333,0.0,0.0,0.0,0.0,1000.25,1000.25,1000.25,0.0,60.0,-10.333,0.0,-10.333,22.0,36.0,36.0,0.0,1898.833,1028.583,1028.583
187,87.0,87.0,-2.667,22.0,-7.667,164.0,3469.667,22.0,139.0,0.0,1867.667,1896.0,1896.0,0.0,0.0,0.0,1.0,10.333,0.0,0.0,0.0,10.333,10.333,1900.0,0.0,0.0,36.0,0.0,-2.667,124.333,3469.667,0.0,0.0,0.0,1867.667,1867.667,1867.667,0.0,60.0,-10.333,0.0,-10.333,22.0,36.0,36.0,0.0,164.0,1896.0,1896.0
196,0.0,0.0,-2.667,0.25,-7.667,55.25,3556.667,0.25,139.0,0.0,1845.917,1874.25,1874.25,0.0,0.0,0.0,1.0,10.333,0.0,0.0,0.0,10.333,10.333,1878.25,0.0,0.0,14.25,0.0,-2.667,102.583,3556.667,0.0,0.0,0.0,1845.917,1845.917,1845.917,0.0,38.25,-10.333,0.0,-10.333,0.25,14.25,14.25,0.0,55.25,1874.25,1874.25
202,3556.667,3556.667,-2.667,0.0,-7.667,54.0,0.0,0.0,139.0,0.0,1845.667,1874.0,1874.0,0.0,0.0,0.0,1.0,10.333,0.0,0.0,0.0,10.333,10.333,1878.0,0.0,0.0,14.0,0.0,-2.667,102.333,0.0,0.0,0.0,0.0,1845.667,1845.667,1845.667,0.0,38.0,-10.333,0.0,-10.333,0.0,14.0,14.0,3557.667,54.0,1874.0,1874.0
204,3522.0,3522.0,0.0,0.0,-5.0,70.0,0.0,0.0,139.0,0.0,1835.0,1858.0,1858.0,8.0,0.0,0.0,1.0,5.0,0.0,0.0,0.0,5.0,13.0,1862.0,0.0,0.0,14.0,0.0,0.0,97.0,0.0,0.0,0.0,0.0,1835.0,1835.0,1835.0,0.0,38.0,-5.0,0.0,-5.0,0.0,14.0,14.0,3507.0,70.0,1850.0,1850.0
208,904.917,904.917,-2.667,0.0,-7.667,1821.833,0.0,0.0,139.0,883.917,961.75,990.083,990.083,0.0,0.0,0.0,1.0,10.333,0.0,883.917,883.917,10.333,10.333,994.083,0.0,0.0,14.0,0.0,-2.667,102.333,0.0,0.0,0.0,0.0,961.75,961.75,961.75,0.0,38.0,-10.333,0.0,-10.333,0.0,14.0,14.0,22.0,1821.833,990.083,990.083
212,21.0,21.0,-2.667,0.0,-7.667,54.0,3535.667,0.0,139.0,0.0,1845.667,1874.0,1874.0,0.0,0.0,0.0,1.0,10.333,0.0,0.0,0.0,10.333,10.333,1878.0,0.0,0.0,14.0,0.0,-2.667,102.333,3535.667,0.0,0.0,0.0,1845.667,1845.667,1845.667,0.0,38.0,-10.333,0.0,-10.333,0.0,14.0,14.0,22.0,54.0,1874.0,1874.0
213,0.0,0.0,-2.667,0.0,-7.667,54.0,3556.667,0.0,139.0,0.0,1845.667,1874.0,1874.0,0.0,0.0,0.0,1.0,10.333,0.0,0.0,0.0,10.333,10.333,1878.0,0.0,0.0,14.0,0.0,-2.667,102.333,3556.667,0.0,0.0,0.0,1845.667,1845.667,1845.667,0.0,38.0,-10.333,0.0,-10.333,0.0,14.0,14.0,1.0,54.0,1874.0,1874.0
214,902.25,902.25,0.0,0.0,-5.0,1816.5,0.0,0.0,139.0,873.25,961.75,984.75,984.75,8.0,0.0,0.0,1.0,5.0,0.0,873.25,873.25,5.0,13.0,988.75,0.0,0.0,14.0,0.0,0.0,97.0,0.0,0.0,0.0,0.0,961.75,961.75,961.75,0.0,38.0,-5.0,0.0,-5.0,0.0,14.0,14.0,14.0,1816.5,976.75,976.75
216,0.0,0.0,-2.667,0.0,-7.667,56.0,3553.667,0.0,139.0,1.0,1844.667,1873.0,1873.0,0.0,0.0,0.0,1.0,10.333,0.0,1.0,1.0,10.333,10.333,1877.0,0.0,0.0,14.0,0.0,-2.667,102.333,3553.667,0.0,0.0,0.0,1844.667,1844.667,1844.667,0.0,38.0,-10.333,0.0,-10.333,0.0,14.0,14.0,0.0,56.0,1873.0,1873.0
218,888.417,888.417,-2.667,0.0,-7.667,1832.833,0.0,0.0,139.0,889.417,956.25,984.583,984.583,0.0,0.0,0.0,1.0,10.333,0.0,889.417,889.417,10.333,10.333,988.583,0.0,0.0,14.0,0.0,-2.667,102.333,0.0,0.0,0.0,0.0,956.25,956.25,956.25,0.0,38.0,-10.333,0.0,-10.333,0.0,14.0,14.0,0.0,1832.833,984.583,984.583
220,0.0,0.0,-2.5,0.0,-7.5,55.0,3554.5,0.0,139.0,0.0,1845.0,1873.0,1873.0,0.5,0.0,0.0,1.0,10.0,0.0,0.0,0.0,10.0,10.5,1877.0,0.0,0.0,14.0,0.0,-2.5,102.0,3554.5,0.0,0.0,0.0,1845.0,1845.0,1845.0,0.0,38.0,-10.0,0.0,-10.0,0.0,14.0,14.0,0.0,55.0,1872.5,1872.5
221,891.75,891.75,0.0,0.0,-5.0,1823.5,0.0,0.0,139.0,876.75,958.25,981.25,981.25,8.0,0.0,0.0,1.0,5.0,0.0,876.75,876.75,5.0,13.0,985.25,0.0,0.0,14.0,0.0,0.0,97.0,0.0,0.0,0.0,0.0,958.25,958.25,958.25,0.0,38.0,-5.0,0.0,-5.0,0.0,14.0,14.0,0.0,1823.5,973.25,973.25
222,15.0,15.0,0.0,0.0,-5.0,70.0,3507.0,0.0,139.0,0.0,1835.0,1858.0,1858.0,8.0,0.0,0.0,1.0,5.0,0.0,0.0,0.0,5.0,13.0,1862.0,0.0,0.0,14.0,0.0,0.0,97.0,3507.0,0.0,0.0,0.0,1835.0,1835.0,1835.0,0.0,38.0,-5.0,0.0,-5.0,0.0,14.0,14.0,0.0,70.0,1850.0,1850.0
224,29.0,29.0,0.0,0.0,-5.0,70.0,3493.0,0.0,139.0,0.0,1835.0,1858.0,1858.0,8.0,0.0,0.0,1.0,5.0,0.0,0.0,0.0,5.0,13.0,1862.0,0.0,0.0,14.0,0.0,0.0,97.0,3493.0,0.0,0.0,0.0,1835.0,1835.0,1835.0,0.0,38.0,-5.0,0.0,-5.0,0.0,14.0,14.0,14.0,70.0,1850.0,1850.0
230,3470.0,3470.0,1147.0,0.0,1142.0,3525.0,0.0,3427.0,139.0,0.0,6390.0,4119.0,4119.0,3449.0,-3427.0,2289.0,1.0,-2289.0,0.0,0.0,0.0,0.0,1160.0,4123.0,0.0,3427.0,14.0,0.0,1147.0,1230.0,0.0,0.0,0.0,-3427.0,6390.0,6390.0,6390.0,0.0,3465.0,2289.0,0.0,2289.0,0.0,14.0,14.0,0.0,3525.0,670.0,670.0
231,1888.571,1888.571,444.143,0.0,439.143,1943.571,0.0,791.286,139.0,0.0,2524.286,1659.0,1659.0,1340.429,-791.286,883.286,1.0,-883.286,0.0,0.0,0.0,0.0,457.143,1663.0,0.0,791.286,14.0,0.0,444.143,0.0,0.0,0.0,0.0,-791.286,2524.286,2524.286,2524.286,0.0,829.286,883.286,0.0,883.286,0.0,14.0,14.0,0.0,1943.571,318.571,318.571
234,2679.857,2679.857,444.143,0.0,439.143,2734.857,0.0,0.0,139.0,0.0,2524.286,1659.0,1659.0,1340.429,0.0,883.286,1.0,-883.286,0.0,0.0,0.0,0.0,457.143,1663.0,0.0,0.0,14.0,0.0,444.143,0.0,0.0,0.0,0.0,-791.286,2524.286,2524.286,2524.286,791.286,829.286,883.286,0.0,883.286,0.0,14.0,14.0,0.0,2734.857,318.571,318.571
236,1991.783,1991.783,168.913,240.826,163.913,2287.609,0.0,240.826,139.0,0.0,1733.0,1418.174,1418.174,514.739,0.0,332.826,1.0,-332.826,0.0,0.0,0.0,0.0,181.913,1422.174,0.0,0.0,254.826,0.0,168.913,0.0,0.0,0.0,0.0,0.0,1733.0,1733.0,1733.0,0.0,278.826,332.826,0.0,332.826,240.826,254.826,254.826,0.0,2287.609,903.435,903.435
238,4737.5,4737.5,1569.5,0.0,1564.5,0.0,0.0,9487.0,139.0,0.0,14387.5,4716.5,4716.5,4716.5,-9487.0,6411.5,1.0,-6411.5,3277.5,0.0,0.0,0.0,1582.5,7998.0,0.0,9487.0,14.0,0.0,1569.5,3167.5,0.0,0.0,0.0,-9487.0,14387.5,14387.5,14387.5,0.0,9525.0,3134.0,0.0,6411.5,0.0,14.0,14.0,4792.5,0.0,0.0,0.0
239,1816.636,1816.636,300.273,0.0,295.273,1871.636,0.0,0.0,139.0,0.0,1733.0,1155.454,1155.454,908.818,0.0,595.546,1.0,-595.546,0.0,0.0,0.0,0.0,313.273,1159.454,0.0,0.0,14.0,503.546,300.273,0.0,0.0,0.0,0.0,0.0,1733.0,1733.0,1733.0,0.0,38.0,595.546,0.0,595.546,0.0,14.0,14.0,0.0,1871.636,246.636,246.636
240,1570.0,1570.0,444.143,0.0,439.143,1625.0,0.0,1109.857,139.0,0.0,2842.857,1340.429,1340.429,1340.429,-1109.857,1201.857,1.0,-1201.857,318.571,0.0,0.0,0.0,457.143,1663.0,0.0,1109.857,14.0,0.0,444.143,0.0,0.0,0.0,0.0,-1109.857,2842.857,2842.857,2842.857,0.0,1147.857,883.286,0.0,1201.857,0.0,14.0,14.0,0.0,1625.0,0.0,0.0
241,1862.0,1862.0,611.0,0.0,606.0,1917.0,0.0,1819.0,139.0,0.0,3844.0,1841.0,1841.0,1841.0,-1819.0,1619.0,1.0,-1619.0,402.0,0.0,0.0,0.0,624.0,2247.0,0.0,1819.0,14.0,0.0,611.0,292.0,0.0,0.0,0.0,-1819.0,3844.0,3844.0,3844.0,0.0,1857.0,1217.0,0.0,1619.0,0.0,14.0,14.0,0.0,1917.0,0.0,0.0
242,1205.0,1205.0,392.0,0.0,387.0,1260.0,365.0,1162.0,139.0,0.0,2895.0,1184.0,1184.0,1184.0,-1162.0,1254.0,1.0,-1254.0,475.0,0.0,0.0,0.0,405.0,1663.0,0.0,1162.0,14.0,0.0,392.0,0.0,365.0,0.0,0.0,-1162.0,2895.0,2895.0,2895.0,0.0,1200.0,779.0,0.0,1254.0,0.0,14.0,14.0,0.0,1260.0,0.0,0.0
243,1570.0,1570.0,212.0,0.0,207.0,0.0,0.0,1342.0,139.0,0.0,3075.0,644.0,644.0,644.0,-1342.0,1434.0,1.0,-1434.0,1015.0,0.0,0.0,0.0,225.0,1663.0,0.0,1342.0,14.0,0.0,212.0,0.0,0.0,0.0,0.0,-1342.0,3075.0,3075.0,3075.0,0.0,1380.0,419.0,0.0,1434.0,0.0,14.0,14.0,1625.0,0.0,0.0,0.0
248,665.0,665.0,212.0,0.0,207.0,0.0,905.0,1342.0,139.0,0.0,3075.0,644.0,644.0,644.0,-1342.0,1434.0,1.0,-1434.0,1015.0,0.0,0.0,0.0,225.0,1663.0,0.0,1342.0,14.0,0.0,212.0,0.0,905.0,0.0,0.0,-1342.0,3075.0,3075.0,3075.0,0.0,1380.0,419.0,0.0,1434.0,0.0,14.0,14.0,720.0,0.0,0.0,0.0
249,1245.556,1245.556,351.444,0.0,346.444,1462.778,0.0,1040.333,139.0,162.222,2611.111,1062.333,1062.333,1062.333,-1040.333,1132.333,1.0,-1132.333,434.444,162.222,162.222,0.0,364.444,1500.778,0.0,1040.333,14.0,0.0,351.444,0.0,0.0,0.0,0.0,-1040.333,2611.111,2611.111,2611.111,0.0,1078.333,697.889,0.0,1132.333,0.0,14.0,14.0,0.0,1462.778,0.0,0.0
250,1304.546,1304.546,292.454,132.727,287.454,1492.273,0.0,1128.818,139.0,0.0,2729.091,885.364,885.364,885.364,-996.091,1220.818,1.0,-1220.818,640.909,0.0,0.0,0.0,305.454,1530.273,0.0,996.091,146.727,0.0,292.454,0.0,0.0,0.0,0.0,-996.091,2729.091,2729.091,2729.091,0.0,1166.818,579.909,0.0,1220.818,132.727,146.727,146.727,0.0,1492.273,0.0,0.0
252,0.0,0.0,219.857,0.0,214.857,55.0,1570.0,1334.143,139.0,0.0,3067.143,667.571,667.571,667.571,-1334.143,1426.143,1.0,-1426.143,991.429,0.0,0.0,0.0,232.857,1663.0,0.0,1334.143,14.0,0.0,219.857,0.0,1570.0,0.0,0.0,-1334.143,3067.143,3067.143,3067.143,0.0,1372.143,434.714,0.0,1426.143,0.0,14.0,14.0,0.0,55.0,0.0,0.0
256,2679.857,2679.857,444.143,0.0,439.143,2734.857,0.0,0.0,139.0,0.0,2842.857,1340.429,1340.429,1340.429,0.0,1201.857,1.0,-1201.857,318.571,0.0,0.0,0.0,457.143,1663.0,0.0,0.0,14.0,0.0,444.143,0.0,0.0,0.0,0.0,-1109.857,2842.857,2842.857,2842.857,1109.857,1147.857,883.286,0.0,1201.857,0.0,14.0,14.0,0.0,2734.857,0.0,0.0
257,0.0,0.0,212.0,0.0,207.0,0.0,1570.0,1342.0,139.0,0.0,3075.0,644.0,644.0,644.0,-1342.0,1434.0,1.0,-1434.0,1015.0,0.0,0.0,0.0,225.0,1663.0,0.0,1342.0,14.0,0.0,212.0,0.0,1570.0,0.0,0.0,-1342.0,3075.0,3075.0,3075.0,0.0,1380.0,419.0,0.0,1434.0,0.0,14.0,14.0,55.0,0.0,0.0,0.0
263,1570.0,1570.0,259.167,0.0,254.167,1625.0,0.0,0.0,139.0,0.0,1733.0,785.5,785.5,785.5,0.0,739.417,1.0,-739.417,226.083,0.0,0.0,0.0,272.167,1015.583,0.0,0.0,14.0,647.417,259.167,0.0,0.0,0.0,0.0,0.0,1733.0,1733.0,1733.0,0.0,38.0,513.333,0.0,739.417,0.0,14.0,14.0,0.0,1625.0,0.0,0.0
292,1582.0,1582.0,5.0,384.25,0.0,2021.25,0.0,384.25,139.0,0.0,1733.0,803.5,803.5,23.0,0.0,476.25,1.0,-476.25,471.25,0.0,0.0,0.0,18.0,1278.75,0.0,0.0,398.25,0.0,5.0,0.0,0.0,0.0,0.0,0.0,1733.0,1733.0,1733.0,0.0,422.25,5.0,0.0,476.25,384.25,398.25,398.25,0.0,2021.25,780.5,780.5
293,1195.812,1195.812,2.5,386.438,-2.5,1637.25,0.0,766.375,139.0,0.0,2112.938,414.188,414.188,15.5,-379.938,858.375,1.0,-858.375,858.375,0.0,0.0,0.0,15.5,1276.562,0.0,379.938,400.438,0.0,2.5,0.0,0.0,0.0,0.0,-379.938,2112.938,2112.938,2112.938,0.0,804.375,0.0,0.0,858.375,386.438,400.438,400.438,0.0,1637.25,398.688,398.688
294,1196.75,1196.75,5.0,384.25,0.0,1636.0,0.0,769.5,139.0,0.0,2118.25,418.25,418.25,23.0,-385.25,861.5,1.0,-861.5,856.5,0.0,0.0,0.0,18.0,1278.75,0.0,385.25,398.25,0.0,5.0,0.0,0.0,0.0,0.0,-385.25,2118.25,2118.25,2118.25,0.0,807.5,5.0,0.0,861.5,384.25,398.25,398.25,0.0,1636.0,395.25,395.25
299,1575.75,1575.75,2.5,386.438,-2.5,2017.188,0.0,386.438,139.0,0.0,1733.0,794.125,794.125,15.5,0.0,478.438,1.0,-478.438,478.438,0.0,0.0,0.0,15.5,1276.562,0.0,0.0,400.438,0.0,2.5,0.0,0.0,0.0,0.0,0.0,1733.0,1733.0,1733.0,0.0,424.438,0.0,0.0,478.438,386.438,400.438,400.438,0.0,2017.188,778.625,778.625
305,1217.375,1217.375,5.0,391.125,0.0,0.0,0.0,2446.75,139.0,0.0,4218.25,23.0,23.0,23.0,-2055.625,2109.125,1.0,-2109.125,2104.125,0.0,0.0,0.0,18.0,2131.125,0.0,2055.625,405.125,0.0,5.0,429.625,0.0,0.0,0.0,-2055.625,4218.25,4218.25,4218.25,0.0,2484.75,5.0,0.0,2109.125,391.125,405.125,405.125,1663.5,0.0,0.0,0.0
307,0.0,0.0,5.0,0.0,0.0,0.0,0.0,2274.0,139.0,1087.0,3524.0,23.0,23.0,23.0,-2274.0,1762.0,1.0,-1762.0,1757.0,1087.0,1087.0,0.0,18.0,1784.0,0.0,2274.0,14.0,0.0,5.0,604.0,0.0,0.0,0.0,-2274.0,3524.0,3524.0,3524.0,0.0,2312.0,5.0,0.0,1762.0,0.0,14.0,14.0,1142.0,0.0,0.0,0.0
308,1156.0,1156.0,5.0,207.0,0.0,0.0,0.0,1342.0,139.0,0.0,2868.0,23.0,23.0,23.0,-1135.0,1434.0,1.0,-1434.0,1429.0,0.0,0.0,0.0,18.0,1456.0,0.0,1135.0,221.0,0.0,5.0,0.0,0.0,0.0,0.0,-1135.0,2868.0,2868.0,2868.0,0.0,1380.0,5.0,0.0,1434.0,207.0,221.0,221.0,1418.0,0.0,0.0,0.0
314,959.6,959.6,5.0,305.2,0.0,687.4,0.0,1243.8,139.0,0.0,2671.6,23.0,23.0,23.0,-938.6,1335.8,1.0,-1335.8,1330.8,0.0,0.0,0.0,18.0,1357.8,0.0,938.6,319.2,0.0,5.0,0.0,0.0,0.0,0.0,-938.6,2671.6,2671.6,2671.6,0.0,1281.8,5.0,0.0,1335.8,305.2,319.2,319.2,632.4,687.4,0.0,0.0
316,1582.0,1582.0,5.0,384.25,0.0,2021.25,0.0,384.25,139.0,0.0,2513.5,23.0,23.0,23.0,0.0,1256.75,1.0,-1256.75,1251.75,0.0,0.0,0.0,18.0,1278.75,0.0,0.0,398.25,0.0,5.0,0.0,0.0,0.0,0.0,-780.5,2513.5,2513.5,2513.5,780.5,1202.75,5.0,0.0,1256.75,384.25,398.25,398.25,0.0,2021.25,0.0,0.0
318,1196.75,1196.75,5.0,384.25,0.0,1636.0,0.0,769.5,139.0,0.0,2513.5,23.0,23.0,23.0,-385.25,1256.75,1.0,-1256.75,1251.75,0.0,0.0,0.0,18.0,1278.75,0.0,385.25,398.25,0.0,5.0,0.0,0.0,0.0,0.0,-780.5,2513.5,2513.5,2513.5,395.25,1202.75,5.0,0.0,1256.75,384.25,398.25,398.25,0.0,1636.0,0.0,0.0
320,959.6,959.6,5.0,305.2,0.0,1319.8,0.0,611.4,139.0,0.0,2039.2,23.0,23.0,23.0,-306.2,1019.6,1.0,-1019.6,1014.6,0.0,0.0,0.0,18.0,1041.6,0.0,306.2,319.2,316.2,5.0,0.0,0.0,0.0,0.0,-306.2,2039.2,2039.2,2039.2,0.0,649.4,5.0,0.0,1019.6,305.2,319.2,319.2,0.0,1319.8,0.0,0.0
321,0.0,0.0,5.0,250.667,0.0,305.667,1068.667,1298.333,139.0,0.0,2780.667,23.0,23.0,23.0,-1047.667,1390.333,1.0,-1390.333,1385.333,0.0,0.0,0.0,18.0,1412.333,0.0,1047.667,264.667,0.0,5.0,0.0,1068.667,0.0,0.0,-1047.667,2780.667,2780.667,2780.667,0.0,1336.333,5.0,0.0,1390.333,250.667,264.667,264.667,0.0,305.667,0.0,0.0
324,801.5,801.5,5.0,384.25,0.0,1240.75,0.0,1164.75,139.0,0.0,2513.5,23.0,23.0,23.0,-780.5,1256.75,1.0,-1256.75,1251.75,0.0,0.0,0.0,18.0,1278.75,0.0,780.5,398.25,0.0,5.0,0.0,0.0,0.0,0.0,-780.5,2513.5,2513.5,2513.5,0.0,1202.75,5.0,0.0,1256.75,384.25,398.25,398.25,0.0,1240.75,0.0,0.0
328,0.0,0.0,2.5,0.0,-2.5,0.0,0.0,2247.333,139.0,1081.167,3491.5,15.5,15.5,15.5,-2247.333,1747.0,1.0,-1747.0,1747.0,1081.167,1081.167,0.0,15.5,1766.5,0.0,2247.333,14.0,0.0,2.5,592.333,0.0,0.0,0.0,-2247.333,3491.5,3491.5,3491.5,0.0,2285.333,0.0,0.0,1747.0,0.0,14.0,14.0,1136.167,0.0,0.0,0.0
329,0.0,0.0,5.0,207.0,0.0,0.0,1156.0,1342.0,139.0,0.0,2868.0,23.0,23.0,23.0,-1135.0,1434.0,1.0,-1434.0,1429.0,0.0,0.0,0.0,18.0,1456.0,0.0,1135.0,221.0,0.0,5.0,0.0,1156.0,0.0,0.0,-1135.0,2868.0,2868.0,2868.0,0.0,1380.0,5.0,0.0,1434.0,207.0,221.0,221.0,262.0,0.0,0.0,0.0
331,3019.0,3019.0,5.0,0.0,0.0,0.0,0.0,100.0,139.0,0.0,3282.0,23.0,23.0,23.0,-100.0,1641.0,1.0,-1641.0,1636.0,0.0,0.0,0.0,18.0,1663.0,0.0,100.0,14.0,0.0,5.0,0.0,0.0,0.0,0.0,-1549.0,3282.0,3282.0,3282.0,1449.0,1587.0,5.0,0.0,1641.0,0.0,14.0,14.0,3074.0,0.0,0.0,0.0
334,3119.0,3119.0,5.0,0.0,0.0,100.0,0.0,0.0,139.0,0.0,3282.0,23.0,23.0,23.0,0.0,1641.0,1.0,-1641.0,1636.0,0.0,0.0,0.0,18.0,1663.0,0.0,0.0,14.0,0.0,5.0,0.0,0.0,0.0,0.0,-1549.0,3282.0,3282.0,3282.0,1549.0,1587.0,5.0,0.0,1641.0,0.0,14.0,14.0,3074.0,100.0,0.0,0.0
335,1211.75,1211.75,2.5,391.75,-2.5,0.0,0.0,2435.5,139.0,0.0,4202.0,15.5,15.5,15.5,-2043.75,2102.25,1.0,-2102.25,2102.25,0.0,0.0,0.0,15.5,2121.75,0.0,2043.75,405.75,0.0,2.5,425.25,0.0,0.0,0.0,-2043.75,4202.0,4202.0,4202.0,0.0,2473.5,0.0,0.0,2102.25,391.75,405.75,405.75,1658.5,0.0,0.0,0.0
338,665.0,665.0,5.0,207.0,0.0,0.0,491.0,1342.0,139.0,0.0,2868.0,23.0,23.0,23.0,-1135.0,1434.0,1.0,-1434.0,1429.0,0.0,0.0,0.0,18.0,1456.0,0.0,1135.0,221.0,0.0,5.0,0.0,491.0,0.0,0.0,-1135.0,2868.0,2868.0,2868.0,0.0,1380.0,5.0,0.0,1434.0,207.0,221.0,221.0,927.0,0.0,0.0,0.0
340,0.0,0.0,5.0,0.0,0.0,856.5,0.0,846.5,139.0,801.5,1811.0,23.0,23.0,23.0,-846.5,905.5,1.0,-905.5,900.5,801.5,801.5,0.0,18.0,927.5,0.0,846.5,14.0,0.0,5.0,33.0,0.0,0.0,0.0,-846.5,1811.0,1811.0,1811.0,0.0,884.5,5.0,0.0,905.5,0.0,14.0,14.0,0.0,856.5,0.0,0.0
342,812.5,812.5,5.0,0.0,0.0,1636.0,0.0,1.0,139.0,768.5,1745.0,23.0,23.0,23.0,-1.0,872.5,1.0,-872.5,867.5,768.5,768.5,0.0,18.0,894.5,0.0,1.0,14.0,0.0,5.0,0.0,0.0,0.0,0.0,-780.5,1745.0,1745.0,1745.0,779.5,818.5,5.0,0.0,872.5,0.0,14.0,14.0,0.0,1636.0,0.0,0.0
343,33.0,33.0,5.0,0.0,0.0,856.5,0.0,780.5,139.0,768.5,1745.0,23.0,23.0,23.0,-780.5,872.5,1.0,-872.5,867.5,768.5,768.5,0.0,18.0,894.5,0.0,780.5,14.0,0.0,5.0,0.0,0.0,0.0,0.0,-780.5,1745.0,1745.0,1745.0,0.0,818.5,5.0,0.0,872.5,0.0,14.0,14.0,0.0,856.5,0.0,0.0
344,0.0,0.0,5.0,0.0,0.0,807.0,66.0,797.0,139.0,752.0,1778.0,23.0,23.0,23.0,-797.0,889.0,1.0,-889.0,884.0,752.0,752.0,0.0,18.0,911.0,0.0,797.0,14.0,0.0,5.0,0.0,66.0,0.0,0.0,-797.0,1778.0,1778.0,1778.0,0.0,835.0,5.0,0.0,889.0,0.0,14.0,14.0,0.0,807.0,0.0,0.0
348,44.0,44.0,5.0,0.0,0.0,99.0,3074.0,1.0,139.0,0.0,3282.0,23.0,23.0,23.0,-1.0,1641.0,1.0,-1641.0,1636.0,0.0,0.0,0.0,18.0,1663.0,0.0,1.0,14.0,0.0,5.0,0.0,3074.0,0.0,0.0,-1549.0,3282.0,3282.0,3282.0,1548.0,1587.0,5.0,0.0,1641.0,0.0,14.0,14.0,0.0,99.0,0.0,0.0
349,565.5,565.5,5.0,0.0,0.0,0.0,0.0,1143.0,139.0,521.5,2393.0,23.0,23.0,23.0,-1143.0,1196.5,1.0,-1196.5,1191.5,521.5,521.5,0.0,18.0,1218.5,0.0,1143.0,14.0,0.0,5.0,38.5,0.0,0.0,0.0,-1143.0,2393.0,2393.0,2393.0,0.0,1181.0,5.0,0.0,1196.5,0.0,14.0,14.0,1142.0,0.0,0.0,0.0
352,0.0,0.0,5.0,0.0,0.0,0.0,3019.0,100.0,139.0,0.0,3282.0,23.0,23.0,23.0,-100.0,1641.0,1.0,-1641.0,1636.0,0.0,0.0,0.0,18.0,1663.0,0.0,100.0,14.0,0.0,5.0,0.0,3019.0,0.0,0.0,-1549.0,3282.0,3282.0,3282.0,1449.0,1587.0,5.0,0.0,1641.0,0.0,14.0,14.0,55.0,0.0,0.0,0.0
355,1151.0,1151.0,2.5,209.5,-2.5,0.0,0.0,1342.0,139.0,0.0,2865.5,15.5,15.5,15.5,-1132.5,1434.0,1.0,-1434.0,1434.0,0.0,0.0,0.0,15.5,1453.5,0.0,1132.5,223.5,0.0,2.5,0.0,0.0,0.0,0.0,-1132.5,2865.5,2865.5,2865.5,0.0,1380.0,0.0,0.0,1434.0,209.5,223.5,223.5,1415.5,0.0,0.0,0.0
356,604.0,604.0,5.0,0.0,0.0,0.0,0.0,1066.0,139.0,483.0,2316.0,23.0,23.0,23.0,-1066.0,1158.0,1.0,-1158.0,1153.0,483.0,483.0,0.0,18.0,1180.0,0.0,1066.0,14.0,0.0,5.0,0.0,0.0,0.0,0.0,-1066.0,2316.0,2316.0,2316.0,0.0,1104.0,5.0,0.0,1158.0,0.0,14.0,14.0,1142.0,0.0,0.0,0.0
357,44.0,44.0,5.0,0.0,0.0,0.0,2975.0,100.0,139.0,0.0,3282.0,23.0,23.0,23.0,-100.0,1641.0,1.0,-1641.0,1636.0,0.0,0.0,0.0,18.0,1663.0,0.0,100.0,14.0,0.0,5.0,0.0,2975.0,0.0,0.0,-1549.0,3282.0,3282.0,3282.0,1449.0,1587.0,5.0,0.0,1641.0,0.0,14.0,14.0,99.0,0.0,0.0,0.0
358,0.0,0.0,5.0,0.0,0.0,55.0,3074.0,45.0,139.0,0.0,3282.0,23.0,23.0,23.0,-45.0,1641.0,1.0,-1641.0,1636.0,0.0,0.0,0.0,18.0,1663.0,0.0,45.0,14.0,0.0,5.0,0.0,3074.0,0.0,0.0,-1549.0,3282.0,3282.0,3282.0,1504.0,1587.0,5.0,0.0,1641.0,0.0,14.0,14.0,0.0,55.0,0.0,0.0
360,812.083,812.083,4.667,0.0,-0.333,1636.167,0.0,0.0,139.0,769.083,1744.167,22.0,22.0,22.0,0.0,872.25,1.0,-872.25,867.917,769.083,769.083,0.0,17.667,893.917,0.0,0.0,14.0,0.0,4.667,0.0,0.0,0.0,0.0,-780.25,1744.167,1744.167,1744.167,780.25,818.25,4.333,0.0,872.25,0.0,14.0,14.0,0.0,1636.167,0.0,0.0
361,552.667,552.667,5.0,0.0,0.0,77.0,0.0,1040.333,139.0,508.667,2264.667,23.0,23.0,23.0,-1040.333,1132.333,1.0,-1132.333,1127.333,508.667,508.667,0.0,18.0,1154.333,0.0,1040.333,14.0,0.0,5.0,0.0,0.0,0.0,0.0,-1040.333,2264.667,2264.667,2264.667,0.0,1078.333,5.0,0.0,1132.333,0.0,14.0,14.0,1039.333,77.0,0.0,0.0
362,527.0,527.0,5.0,0.0,0.0,0.0,77.0,1066.0,139.0,483.0,2316.0,23.0,23.0,23.0,-1066.0,1158.0,1.0,-1158.0,1153.0,483.0,483.0,0.0,18.0,1180.0,0.0,1066.0,14.0,0.0,5.0,0.0,77.0,0.0,0.0,-1066.0,2316.0,2316.0,2316.0,0.0,1104.0,5.0,0.0,1158.0,0.0,14.0,14.0,1065.0,0.0,0.0,0.0
363,43.0,43.0,4.667,0.0,-0.333,98.0,3076.333,0.0,139.0,0.0,3282.333,22.0,22.0,22.0,0.0,1641.333,1.0,-1641.333,1637.0,0.0,0.0,0.0,17.667,1663.0,0.0,0.0,14.0,0.0,4.667,0.0,3076.333,0.0,0.0,-1549.333,3282.333,3282.333,3282.333,1549.333,1587.333,4.333,0.0,1641.333,0.0,14.0,14.0,0.0,98.0,0.0,0.0
364,0.0,0.0,5.0,0.0,0.0,0.0,604.0,1066.0,139.0,483.0,2316.0,23.0,23.0,23.0,-1066.0,1158.0,1.0,-1158.0,1153.0,483.0,483.0,0.0,18.0,1180.0,0.0,1066.0,14.0,0.0,5.0,0.0,604.0,0.0,0.0,-1066.0,2316.0,2316.0,2316.0,0.0,1104.0,5.0,0.0,1158.0,0.0,14.0,14.0,538.0,0.0,0.0,0.0
365,813.5,813.5,5.0,0.0,0.0,1637.0,0.0,0.0,139.0,768.5,1745.0,23.0,23.0,23.0,0.0,872.5,1.0,-872.5,867.5,768.5,768.5,0.0,18.0,894.5,0.0,0.0,14.0,0.0,5.0,0.0,0.0,0.0,0.0,-780.5,1745.0,1745.0,1745.0,780.5,818.5,5.0,0.0,872.5,0.0,14.0,14.0,0.0,1637.0,0.0,0.0
367,956.6,956.6,2.5,306.7,-2.5,680.4,0.0,1244.8,139.0,0.0,2671.1,15.5,15.5,15.5,-938.1,1336.8,1.0,-1336.8,1336.8,0.0,0.0,0.0,15.5,1356.3,0.0,938.1,320.7,0.0,2.5,0.0,0.0,0.0,0.0,-938.1,2671.1,2671.1,2671.1,0.0,1282.8,0.0,0.0,1336.8,306.7,320.7,320.7,637.9,680.4,0.0,0.0
368,1575.75,1575.75,2.5,386.438,-2.5,2017.188,0.0,386.438,139.0,0.0,2511.625,15.5,15.5,15.5,0.0,1257.062,1.0,-1257.062,1257.062,0.0,0.0,0.0,15.5,1276.562,0.0,0.0,400.438,0.0,2.5,0.0,0.0,0.0,0.0,-778.625,2511.625,2511.625,2511.625,778.625,1203.062,0.0,0.0,1257.062,386.438,400.438,400.438,0.0,2017.188,0.0,0.0
369,45.0,45.0,5.0,0.0,0.0,100.0,3074.0,0.0,139.0,0.0,3282.0,23.0,23.0,23.0,0.0,1641.0,1.0,-1641.0,1636.0,0.0,0.0,0.0,18.0,1663.0,0.0,0.0,14.0,0.0,5.0,0.0,3074.0,0.0,0.0,-1549.0,3282.0,3282.0,3282.0,1549.0,1587.0,5.0,0.0,1641.0,0.0,14.0,14.0,0.0,100.0,0.0,0.0
370,0.0,0.0,2.5,253.583,-2.5,308.583,1062.833,1297.917,139.0,0.0,2777.333,15.5,15.5,15.5,-1044.333,1389.917,1.0,-1389.917,1389.917,0.0,0.0,0.0,15.5,1409.417,0.0,1044.333,267.583,0.0,2.5,0.0,1062.833,0.0,0.0,-1044.333,2777.333,2777.333,2777.333,0.0,1335.917,0.0,0.0,1389.917,253.583,267.583,267.583,0.0,308.583,0.0,0.0
372,665.0,665.0,2.5,209.5,-2.5,0.0,486.0,1342.0,139.0,0.0,2865.5,15.5,15.5,15.5,-1132.5,1434.0,1.0,-1434.0,1434.0,0.0,0.0,0.0,15.5,1453.5,0.0,1132.5,223.5,0.0,2.5,0.0,486.0,0.0,0.0,-1132.5,2865.5,2865.5,2865.5,0.0,1380.0,0.0,0.0,1434.0,209.5,223.5,223.5,929.5,0.0,0.0,0.0
374,797.125,797.125,2.5,386.438,-2.5,1238.562,0.0,1165.062,139.0,0.0,2511.625,15.5,15.5,15.5,-778.625,1257.062,1.0,-1257.062,1257.062,0.0,0.0,0.0,15.5,1276.562,0.0,778.625,400.438,0.0,2.5,0.0,0.0,0.0,0.0,-778.625,2511.625,2511.625,2511.625,0.0,1203.062,0.0,0.0,1257.062,386.438,400.438,400.438,0.0,1238.562,0.0,0.0
375,0.0,0.0,2.5,0.0,-2.5,852.125,0.0,827.125,139.0,797.125,1787.25,15.5,15.5,15.5,-827.125,894.875,1.0,-894.875,894.875,797.125,797.125,0.0,15.5,914.375,0.0,827.125,14.0,0.0,2.5,24.25,0.0,0.0,0.0,-827.125,1787.25,1787.25,1787.25,0.0,865.125,0.0,0.0,894.875,0.0,14.0,14.0,0.0,852.125,0.0,0.0
377,3036.5,3036.5,2.5,0.0,-2.5,0.0,0.0,85.0,139.0,0.0,3284.5,15.5,15.5,15.5,-85.0,1643.5,1.0,-1643.5,1643.5,0.0,0.0,0.0,15.5,1663.0,0.0,85.0,14.0,0.0,2.5,0.0,0.0,0.0,0.0,-1551.5,3284.5,3284.5,3284.5,1466.5,1589.5,0.0,0.0,1643.5,0.0,14.0,14.0,3091.5,0.0,0.0,0.0
379,558.833,558.833,2.5,0.0,-2.5,0.0,0.0,1129.667,139.0,522.333,2373.833,15.5,15.5,15.5,-1129.667,1188.167,1.0,-1188.167,1188.167,522.333,522.333,0.0,15.5,1207.667,0.0,1129.667,14.0,0.0,2.5,33.5,0.0,0.0,0.0,-1129.667,2373.833,2373.833,2373.833,0.0,1167.667,0.0,0.0,1188.167,0.0,14.0,14.0,1136.167,0.0,0.0,0.0
381,0.0,0.0,2.5,209.5,-2.5,0.0,1151.0,1342.0,139.0,0.0,2865.5,15.5,15.5,15.5,-1132.5,1434.0,1.0,-1434.0,1434.0,0.0,0.0,0.0,15.5,1453.5,0.0,1132.5,223.5,0.0,2.5,0.0,1151.0,0.0,0.0,-1132.5,2865.5,2865.5,2865.5,0.0,1380.0,0.0,0.0,1434.0,209.5,223.5,223.5,264.5,0.0,0.0,0.0
383,0.0,0.0,2.5,0.0,-2.5,55.0,3091.5,30.0,139.0,0.0,3284.5,15.5,15.5,15.5,-30.0,1643.5,1.0,-1643.5,1643.5,0.0,0.0,0.0,15.5,1663.0,0.0,30.0,14.0,0.0,2.5,0.0,3091.5,0.0,0.0,-1551.5,3284.5,3284.5,3284.5,1521.5,1589.5,0.0,0.0,1643.5,0.0,14.0,14.0,0.0,55.0,0.0,0.0
388,0.0,0.0,2.5,0.0,-2.5,0.0,3036.5,85.0,139.0,0.0,3284.5,15.5,15.5,15.5,-85.0,1643.5,1.0,-1643.5,1643.5,0.0,0.0,0.0,15.5,1663.0,0.0,85.0,14.0,0.0,2.5,0.0,3036.5,0.0,0.0,-1551.5,3284.5,3284.5,3284.5,1466.5,1589.5,0.0,0.0,1643.5,0.0,14.0,14.0,55.0,0.0,0.0,0.0
389,24.25,24.25,2.5,0.0,-2.5,852.125,0.0,778.625,139.0,772.875,1738.75,15.5,15.5,15.5,-778.625,870.625,1.0,-870.625,870.625,772.875,772.875,0.0,15.5,890.125,0.0,778.625,14.0,0.0,2.5,0.0,0.0,0.0,0.0,-778.625,1738.75,1738.75,1738.75,0.0,816.625,0.0,0.0,870.625,0.0,14.0,14.0,0.0,852.125,0.0,0.0
390,592.333,592.333,2.5,0.0,-2.5,0.0,0.0,1062.667,139.0,488.833,2306.833,15.5,15.5,15.5,-1062.667,1154.667,1.0,-1154.667,1154.667,488.833,488.833,0.0,15.5,1174.167,0.0,1062.667,14.0,0.0,2.5,0.0,0.0,0.0,0.0,-1062.667,2306.833,2306.833,2306.833,0.0,1100.667,0.0,0.0,1154.667,0.0,14.0,14.0,1136.167,0.0,0.0,0.0
391,0.0,0.0,2.5,0.0,-2.5,815.75,48.5,790.75,139.0,760.75,1763.0,15.5,15.5,15.5,-790.75,882.75,1.0,-882.75,882.75,760.75,760.75,0.0,15.5,902.25,0.0,790.75,14.0,0.0,2.5,0.0,48.5,0.0,0.0,-790.75,1763.0,1763.0,1763.0,0.0,828.75,0.0,0.0,882.75,0.0,14.0,14.0,0.0,815.75,0.0,0.0
393,547.667,547.667,2.5,0.0,-2.5,67.0,0.0,1040.333,139.0,511.167,2262.167,15.5,15.5,15.5,-1040.333,1132.333,1.0,-1132.333,1132.333,511.167,511.167,0.0,15.5,1151.833,0.0,1040.333,14.0,0.0,2.5,0.0,0.0,0.0,0.0,-1040.333,2262.167,2262.167,2262.167,0.0,1078.333,0.0,0.0,1132.333,0.0,14.0,14.0,1046.833,67.0,0.0,0.0
394,525.333,525.333,2.5,0.0,-2.5,0.0,67.0,1062.667,139.0,488.833,2306.833,15.5,15.5,15.5,-1062.667,1154.667,1.0,-1154.667,1154.667,488.833,488.833,0.0,15.5,1174.167,0.0,1062.667,14.0,0.0,2.5,0.0,67.0,0.0,0.0,-1062.667,2306.833,2306.833,2306.833,0.0,1100.667,0.0,0.0,1154.667,0.0,14.0,14.0,1069.167,0.0,0.0,0.0
396,36.5,36.5,2.5,0.0,-2.5,0.0,3000.0,85.0,139.0,0.0,3284.5,15.5,15.5,15.5,-85.0,1643.5,1.0,-1643.5,1643.5,0.0,0.0,0.0,15.5,1663.0,0.0,85.0,14.0,0.0,2.5,0.0,3000.0,0.0,0.0,-1551.5,3284.5,3284.5,3284.5,1466.5,1589.5,0.0,0.0,1643.5,0.0,14.0,14.0,91.5,0.0,0.0,0.0
398,815.875,815.875,2.5,6.5,-2.5,1637.25,0.0,6.5,139.0,759.875,1751.75,15.5,15.5,15.5,0.0,877.125,1.0,-877.125,877.125,759.875,759.875,0.0,15.5,896.625,0.0,0.0,20.5,0.0,2.5,0.0,0.0,0.0,0.0,-778.625,1751.75,1751.75,1751.75,778.625,823.125,0.0,0.0,877.125,6.5,20.5,20.5,0.0,1637.25,0.0,0.0
399,56.0,56.0,2.5,6.5,-2.5,117.5,3039.5,6.5,139.0,0.0,3271.5,15.5,15.5,15.5,0.0,1637.0,1.0,-1637.0,1637.0,0.0,0.0,0.0,15.5,1656.5,0.0,0.0,20.5,0.0,2.5,0.0,3039.5,0.0,0.0,-1538.5,3271.5,3271.5,3271.5,1538.5,1583.0,0.0,0.0,1637.0,6.5,20.5,20.5,0.0,117.5,0.0,0.0
403,1195.812,1195.812,2.5,386.438,-2.5,1637.25,0.0,766.375,139.0,0.0,2511.625,15.5,15.5,15.5,-379.938,1257.062,1.0,-1257.062,1257.062,0.0,0.0,0.0,15.5,1276.562,0.0,379.938,400.438,0.0,2.5,0.0,0.0,0.0,0.0,-778.625,2511.625,2511.625,2511.625,398.688,1203.062,0.0,0.0,1257.062,386.438,400.438,400.438,0.0,1637.25,0.0,0.0
407,0.0,0.0,2.5,0.0,-2.5,0.0,592.333,1062.667,139.0,488.833,2306.833,15.5,15.5,15.5,-1062.667,1154.667,1.0,-1154.667,1154.667,488.833,488.833,0.0,15.5,1174.167,0.0,1062.667,14.0,0.0,2.5,0.0,592.333,0.0,0.0,-1062.667,2306.833,2306.833,2306.833,0.0,1100.667,0.0,0.0,1154.667,0.0,14.0,14.0,543.833,0.0,0.0,0.0
411,802.875,802.875,2.5,0.0,-2.5,1630.75,0.0,0.0,139.0,772.875,1738.75,15.5,15.5,15.5,0.0,870.625,1.0,-870.625,870.625,772.875,772.875,0.0,15.5,890.125,0.0,0.0,14.0,0.0,2.5,0.0,0.0,0.0,0.0,-778.625,1738.75,1738.75,1738.75,778.625,816.625,0.0,0.0,870.625,0.0,14.0,14.0,0.0,1630.75,0.0,0.0
413,3121.5,3121.5,2.5,0.0,-2.5,85.0,0.0,0.0,139.0,0.0,3284.5,15.5,15.5,15.5,0.0,1643.5,1.0,-1643.5,1643.5,0.0,0.0,0.0,15.5,1663.0,0.0,0.0,14.0,0.0,2.5,0.0,0.0,0.0,0.0,-1551.5,3284.5,3284.5,3284.5,1551.5,1589.5,0.0,0.0,1643.5,0.0,14.0,14.0,3091.5,85.0,0.0,0.0
414,30.0,30.0,2.5,0.0,-2.5,85.0,3091.5,0.0,139.0,0.0,3284.5,15.5,15.5,15.5,0.0,1643.5,1.0,-1643.5,1643.5,0.0,0.0,0.0,15.5,1663.0,0.0,0.0,14.0,0.0,2.5,0.0,3091.5,0.0,0.0,-1551.5,3284.5,3284.5,3284.5,1551.5,1589.5,0.0,0.0,1643.5,0.0,14.0,14.0,0.0,85.0,0.0,0.0
418,36.5,36.5,2.5,0.0,-2.5,85.0,3085.0,0.0,139.0,0.0,3284.5,15.5,15.5,15.5,0.0,1643.5,1.0,-1643.5,1643.5,0.0,0.0,0.0,15.5,1663.0,0.0,0.0,14.0,0.0,2.5,0.0,3085.0,0.0,0.0,-1551.5,3284.5,3284.5,3284.5,1551.5,1589.5,0.0,0.0,1643.5,0.0,14.0,14.0,6.5,85.0,0.0,0.0
419,807.75,807.75,2.5,0.0,-2.5,1627.5,0.0,0.0,139.0,771.25,1742.0,15.5,15.5,15.5,0.0,872.25,1.0,-872.25,872.25,771.25,771.25,0.0,15.5,891.75,0.0,0.0,14.0,0.0,2.5,0.0,0.0,0.0,0.0,-780.25,1742.0,1742.0,1742.0,780.25,818.25,0.0,0.0,872.25,0.0,14.0,14.0,6.5,1627.5,0.0,0.0
431,956.6,956.6,2.5,306.7,-2.5,1318.3,0.0,606.9,139.0,0.0,2033.2,15.5,15.5,15.5,-300.2,1017.85,1.0,-1017.85,1017.85,0.0,0.0,0.0,15.5,1037.35,0.0,300.2,320.7,318.95,2.5,0.0,0.0,0.0,0.0,-300.2,2033.2,2033.2,2033.2,0.0,644.9,0.0,0.0,1017.85,306.7,320.7,320.7,0.0,1318.3,0.0,0.0
480,1061.667,1061.667,5.0,254.167,0.0,1370.833,0.0,254.167,139.0,0.0,1733.0,23.0,23.0,23.0,0.0,866.5,1.0,-866.5,861.5,0.0,0.0,0.0,18.0,888.5,0.0,0.0,268.167,520.333,5.0,0.0,0.0,0.0,0.0,0.0,1733.0,1733.0,1733.0,0.0,292.167,5.0,0.0,866.5,254.167,268.167,268.167,0.0,1370.833,0.0,0.0
493,552.667,552.667,5.0,0.0,0.0,1116.333,0.0,1.0,139.0,508.667,1225.333,23.0,23.0,23.0,-1.0,612.667,1.0,-612.667,607.667,508.667,508.667,0.0,18.0,634.667,0.0,1.0,14.0,519.667,5.0,0.0,0.0,0.0,0.0,-1.0,1225.333,1225.333,1225.333,0.0,39.0,5.0,0.0,612.667,0.0,14.0,14.0,0.0,1116.333,0.0,0.0
498,0.0,0.0,5.0,0.0,0.0,55.0,1570.0,45.0,139.0,0.0,1778.0,23.0,23.0,23.0,-45.0,889.0,1.0,-889.0,884.0,0.0,0.0,0.0,18.0,911.0,0.0,45.0,14.0,752.0,5.0,0.0,1570.0,0.0,0.0,-45.0,1778.0,1778.0,1778.0,0.0,83.0,5.0,0.0,889.0,0.0,14.0,14.0,0.0,55.0,0.0,0.0
500,1570.0,1570.0,5.0,0.0,0.0,0.0,0.0,100.0,139.0,0.0,1833.0,23.0,23.0,23.0,-100.0,916.5,1.0,-916.5,911.5,0.0,0.0,0.0,18.0,938.5,0.0,100.0,14.0,724.5,5.0,0.0,0.0,0.0,0.0,-100.0,1833.0,1833.0,1833.0,0.0,138.0,5.0,0.0,916.5,0.0,14.0,14.0,1625.0,0.0,0.0,0.0
501,0.0,0.0,5.0,0.0,0.0,0.0,1570.0,100.0,139.0,0.0,1833.0,23.0,23.0,23.0,-100.0,916.5,1.0,-916.5,911.5,0.0,0.0,0.0,18.0,938.5,0.0,100.0,14.0,724.5,5.0,0.0,1570.0,0.0,0.0,-100.0,1833.0,1833.0,1833.0,0.0,138.0,5.0,0.0,916.5,0.0,14.0,14.0,55.0,0.0,0.0,0.0
506,44.0,44.0,5.0,0.0,0.0,0.0,1526.0,100.0,139.0,0.0,1833.0,23.0,23.0,23.0,-100.0,916.5,1.0,-916.5,911.5,0.0,0.0,0.0,18.0,938.5,0.0,100.0,14.0,724.5,5.0,0.0,1526.0,0.0,0.0,-100.0,1833.0,1833.0,1833.0,0.0,138.0,5.0,0.0,916.5,0.0,14.0,14.0,99.0,0.0,0.0,0.0
507,44.0,44.0,5.0,0.0,0.0,99.0,1526.0,1.0,139.0,0.0,1734.0,23.0,23.0,23.0,-1.0,867.0,1.0,-867.0,862.0,0.0,0.0,0.0,18.0,889.0,0.0,1.0,14.0,774.0,5.0,0.0,1526.0,0.0,0.0,-1.0,1734.0,1734.0,1734.0,0.0,39.0,5.0,0.0,867.0,0.0,14.0,14.0,0.0,99.0,0.0,0.0
517,0.0,0.0,2.5,0.0,-2.5,55.0,1570.0,30.0,139.0,0.0,1763.0,15.5,15.5,15.5,-30.0,882.75,1.0,-882.75,882.75,0.0,0.0,0.0,15.5,902.25,0.0,30.0,14.0,760.75,2.5,0.0,1570.0,0.0,0.0,-30.0,1763.0,1763.0,1763.0,0.0,68.0,0.0,0.0,882.75,0.0,14.0,14.0,0.0,55.0,0.0,0.0
519,1570.0,1570.0,2.5,0.0,-2.5,0.0,0.0,85.0,139.0,0.0,1818.0,15.5,15.5,15.5,-85.0,910.25,1.0,-910.25,910.25,0.0,0.0,0.0,15.5,929.75,0.0,85.0,14.0,733.25,2.5,0.0,0.0,0.0,0.0,-85.0,1818.0,1818.0,1818.0,0.0,123.0,0.0,0.0,910.25,0.0,14.0,14.0,1625.0,0.0,0.0,0.0
522,0.0,0.0,2.5,0.0,-2.5,0.0,1570.0,85.0,139.0,0.0,1818.0,15.5,15.5,15.5,-85.0,910.25,1.0,-910.25,910.25,0.0,0.0,0.0,15.5,929.75,0.0,85.0,14.0,733.25,2.5,0.0,1570.0,0.0,0.0,-85.0,1818.0,1818.0,1818.0,0.0,123.0,0.0,0.0,910.25,0.0,14.0,14.0,55.0,0.0,0.0,0.0
526,36.5,36.5,2.5,0.0,-2.5,0.0,1533.5,85.0,139.0,0.0,1818.0,15.5,15.5,15.5,-85.0,910.25,1.0,-910.25,910.25,0.0,0.0,0.0,15.5,929.75,0.0,85.0,14.0,733.25,2.5,0.0,1533.5,0.0,0.0,-85.0,1818.0,1818.0,1818.0,0.0,123.0,0.0,0.0,910.25,0.0,14.0,14.0,91.5,0.0,0.0,0.0
537,1194.875,1194.875,0.0,388.625,-5.0,1638.5,0.0,763.25,139.0,0.0,2107.625,410.125,410.125,8.0,-374.625,855.25,1.0,-855.25,860.25,0.0,0.0,0.0,13.0,1274.375,0.0,374.625,402.625,0.0,0.0,0.0,0.0,0.0,0.0,-374.625,2107.625,2107.625,2107.625,0.0,801.25,-5.0,0.0,855.25,388.625,402.625,402.625,0.0,1638.5,402.125,402.125
539,1193.875,1193.875,-2.667,390.958,-7.667,1639.833,0.0,759.917,139.0,0.0,2101.958,405.792,405.792,0.0,-368.958,851.917,1.0,-851.917,862.25,0.0,0.0,0.0,10.333,1272.042,0.0,368.958,404.958,0.0,-2.667,0.0,0.0,0.0,0.0,-368.958,2101.958,2101.958,2101.958,0.0,797.917,-10.333,0.0,851.917,390.958,404.958,404.958,0.0,1639.833,405.792,405.792
545,1562.833,1562.833,-2.667,390.958,-7.667,2008.792,0.0,390.958,139.0,0.0,1733.0,774.75,774.75,0.0,0.0,482.958,1.0,-482.958,493.292,0.0,0.0,0.0,10.333,1272.042,0.0,0.0,404.958,0.0,-2.667,0.0,0.0,0.0,0.0,0.0,1733.0,1733.0,1733.0,0.0,428.958,-10.333,0.0,482.958,390.958,404.958,404.958,0.0,2008.792,774.75,774.75
549,1569.5,1569.5,0.0,388.625,-5.0,2013.125,0.0,388.625,139.0,0.0,1733.0,784.75,784.75,8.0,0.0,480.625,1.0,-480.625,485.625,0.0,0.0,0.0,13.0,1274.375,0.0,0.0,402.625,0.0,0.0,0.0,0.0,0.0,0.0,0.0,1733.0,1733.0,1733.0,0.0,426.625,-5.0,0.0,480.625,388.625,402.625,402.625,0.0,2013.125,776.75,776.75
566,1570.0,1570.0,5.0,0.0,0.0,100.0,0.0,0.0,139.0,0.0,1733.0,23.0,23.0,23.0,0.0,866.5,1.0,-866.5,861.5,0.0,0.0,0.0,18.0,888.5,0.0,0.0,14.0,774.5,5.0,0.0,0.0,0.0,0.0,0.0,1733.0,1733.0,1733.0,0.0,38.0,5.0,0.0,866.5,0.0,14.0,14.0,1525.0,100.0,0.0,0.0
567,556.333,556.333,2.5,6.5,-2.5,1118.167,0.0,6.5,139.0,500.333,1232.667,15.5,15.5,15.5,0.0,617.583,1.0,-617.583,617.583,500.333,500.333,0.0,15.5,637.083,0.0,0.0,20.5,519.083,2.5,0.0,0.0,0.0,0.0,0.0,1232.667,1232.667,1232.667,0.0,44.5,0.0,0.0,617.583,6.5,20.5,20.5,0.0,1118.167,0.0,0.0
573,56.0,56.0,2.5,6.5,-2.5,117.5,1501.0,6.5,139.0,0.0,1733.0,15.5,15.5,15.5,0.0,867.75,1.0,-867.75,867.75,0.0,0.0,0.0,15.5,887.25,0.0,0.0,20.5,769.25,2.5,0.0,1501.0,0.0,0.0,0.0,1733.0,1733.0,1733.0,0.0,44.5,0.0,0.0,867.75,6.5,20.5,20.5,0.0,117.5,0.0,0.0
584,553.333,553.333,5.0,0.0,0.0,1116.667,0.0,0.0,139.0,508.333,1224.667,23.0,23.0,23.0,0.0,612.333,1.0,-612.333,607.333,508.333,508.333,0.0,18.0,634.333,0.0,0.0,14.0,520.333,5.0,0.0,0.0,0.0,0.0,0.0,1224.667,1224.667,1224.667,0.0,38.0,5.0,0.0,612.333,0.0,14.0,14.0,0.0,1116.667,0.0,0.0
588,552.0,552.0,4.667,0.0,-0.333,1116.0,0.0,0.0,139.0,509.0,1224.0,22.0,22.0,22.0,0.0,612.167,1.0,-612.167,607.833,509.0,509.0,0.0,17.667,633.833,0.0,0.0,14.0,520.167,4.667,0.0,0.0,0.0,0.0,0.0,1224.0,1224.0,1224.0,0.0,38.0,4.333,0.0,612.167,0.0,14.0,14.0,0.0,1116.0,0.0,0.0
598,45.0,45.0,5.0,0.0,0.0,100.0,1525.0,0.0,139.0,0.0,1733.0,23.0,23.0,23.0,0.0,866.5,1.0,-866.5,861.5,0.0,0.0,0.0,18.0,888.5,0.0,0.0,14.0,774.5,5.0,0.0,1525.0,0.0,0.0,0.0,1733.0,1733.0,1733.0,0.0,38.0,5.0,0.0,866.5,0.0,14.0,14.0,0.0,100.0,0.0,0.0
601,43.0,43.0,4.667,0.0,-0.333,98.0,1527.0,0.0,139.0,0.0,1733.0,22.0,22.0,22.0,0.0,866.667,1.0,-866.667,862.333,0.0,0.0,0.0,17.667,888.333,0.0,0.0,14.0,774.667,4.667,0.0,1527.0,0.0,0.0,0.0,1733.0,1733.0,1733.0,0.0,38.0,4.333,0.0,866.667,0.0,14.0,14.0,0.0,98.0,0.0,0.0
604,1206.125,1206.125,0.0,392.375,-5.0,0.0,0.0,2424.25,139.0,0.0,4185.75,8.0,8.0,8.0,-2031.875,2095.375,1.0,-2095.375,2100.375,0.0,0.0,0.0,13.0,2112.375,0.0,2031.875,406.375,0.0,0.0,420.875,0.0,0.0,0.0,-2031.875,4185.75,4185.75,4185.75,0.0,2462.25,-5.0,0.0,2095.375,392.375,406.375,406.375,1653.5,0.0,0.0,0.0
611,0.0,0.0,0.0,0.0,-5.0,0.0,0.0,2220.667,139.0,1075.333,3459.0,8.0,8.0,8.0,-2220.667,1732.0,1.0,-1732.0,1737.0,1075.333,1075.333,0.0,13.0,1749.0,0.0,2220.667,14.0,0.0,0.0,580.667,0.0,0.0,0.0,-2220.667,3459.0,3459.0,3459.0,0.0,2258.667,-5.0,0.0,1732.0,0.0,14.0,14.0,1130.333,0.0,0.0,0.0
615,1200.125,1200.125,-2.667,393.042,-7.667,0.0,0.0,2412.25,139.0,0.0,4168.417,0.0,0.0,0.0,-2019.208,2088.042,1.0,-2088.042,2098.375,0.0,0.0,0.0,10.333,2102.375,0.0,2019.208,407.042,0.0,-2.667,416.208,0.0,0.0,0.0,-2019.208,4168.417,4168.417,4168.417,0.0,2450.25,-10.333,0.0,2088.042,393.042,407.042,407.042,1648.167,0.0,0.0,0.0
621,0.0,0.0,-2.667,0.0,-7.667,0.0,0.0,2192.222,139.0,1069.111,3424.333,0.0,0.0,0.0,-2192.222,1716.0,1.0,-1716.0,1726.333,1069.111,1069.111,0.0,10.333,1730.333,0.0,2192.222,14.0,0.0,-2.667,568.222,0.0,0.0,0.0,-2192.222,3424.333,3424.333,3424.333,0.0,2230.222,-10.333,0.0,1716.0,0.0,14.0,14.0,1124.111,0.0,0.0,0.0
622,1146.0,1146.0,0.0,212.0,-5.0,0.0,0.0,1342.0,139.0,0.0,2863.0,8.0,8.0,8.0,-1130.0,1434.0,1.0,-1434.0,1439.0,0.0,0.0,0.0,13.0,1451.0,0.0,1130.0,226.0,0.0,0.0,0.0,0.0,0.0,0.0,-1130.0,2863.0,2863.0,2863.0,0.0,1380.0,-5.0,0.0,1434.0,212.0,226.0,226.0,1413.0,0.0,0.0,0.0
627,953.6,953.6,0.0,308.2,-5.0,673.4,0.0,1245.8,139.0,0.0,2670.6,8.0,8.0,8.0,-937.6,1337.8,1.0,-1337.8,1342.8,0.0,0.0,0.0,13.0,1354.8,0.0,937.6,322.2,0.0,0.0,0.0,0.0,0.0,0.0,-937.6,2670.6,2670.6,2670.6,0.0,1283.8,-5.0,0.0,1337.8,308.2,322.2,322.2,643.4,673.4,0.0,0.0
628,1194.875,1194.875,0.0,388.625,-5.0,1638.5,0.0,763.25,139.0,0.0,2509.75,8.0,8.0,8.0,-374.625,1257.375,1.0,-1257.375,1262.375,0.0,0.0,0.0,13.0,1274.375,0.0,374.625,402.625,0.0,0.0,0.0,0.0,0.0,0.0,-776.75,2509.75,2509.75,2509.75,402.125,1203.375,-5.0,0.0,1257.375,388.625,402.625,402.625,0.0,1638.5,0.0,0.0
631,0.0,0.0,0.0,0.0,-5.0,847.75,0.0,807.75,139.0,792.75,1763.5,8.0,8.0,8.0,-807.75,884.25,1.0,-884.25,889.25,792.75,792.75,0.0,13.0,901.25,0.0,807.75,14.0,0.0,0.0,15.5,0.0,0.0,0.0,-807.75,1763.5,1763.5,1763.5,0.0,845.75,-5.0,0.0,884.25,0.0,14.0,14.0,0.0,847.75,0.0,0.0
632,0.0,0.0,0.0,256.5,-5.0,311.5,1057.0,1297.5,139.0,0.0,2774.0,8.0,8.0,8.0,-1041.0,1389.5,1.0,-1389.5,1394.5,0.0,0.0,0.0,13.0,1406.5,0.0,1041.0,270.5,0.0,0.0,0.0,1057.0,0.0,0.0,-1041.0,2774.0,2774.0,2774.0,0.0,1335.5,-5.0,0.0,1389.5,256.5,270.5,270.5,0.0,311.5,0.0,0.0
633,552.167,552.167,0.0,0.0,-5.0,0.0,0.0,1116.333,139.0,523.167,2354.667,8.0,8.0,8.0,-1116.333,1179.833,1.0,-1179.833,1184.833,523.167,523.167,0.0,13.0,1196.833,0.0,1116.333,14.0,0.0,0.0,28.5,0.0,0.0,0.0,-1116.333,2354.667,2354.667,2354.667,0.0,1154.333,-5.0,0.0,1179.833,0.0,14.0,14.0,1130.333,0.0,0.0,0.0
634,0.0,0.0,0.0,0.0,-5.0,824.5,31.0,784.5,139.0,769.5,1748.0,8.0,8.0,8.0,-784.5,876.5,1.0,-876.5,881.5,769.5,769.5,0.0,13.0,893.5,0.0,784.5,14.0,0.0,0.0,0.0,31.0,0.0,0.0,-784.5,1748.0,1748.0,1748.0,0.0,822.5,-5.0,0.0,876.5,0.0,14.0,14.0,0.0,824.5,0.0,0.0
635,580.667,580.667,0.0,0.0,-5.0,0.0,0.0,1059.333,139.0,494.667,2297.667,8.0,8.0,8.0,-1059.333,1151.333,1.0,-1151.333,1156.333,494.667,494.667,0.0,13.0,1168.333,0.0,1059.333,14.0,0.0,0.0,0.0,0.0,0.0,0.0,-1059.333,2297.667,2297.667,2297.667,0.0,1097.333,-5.0,0.0,1151.333,0.0,14.0,14.0,1130.333,0.0,0.0,0.0
638,0.0,0.0,0.0,212.0,-5.0,0.0,1146.0,1342.0,139.0,0.0,2863.0,8.0,8.0,8.0,-1130.0,1434.0,1.0,-1434.0,1439.0,0.0,0.0,0.0,13.0,1451.0,0.0,1130.0,226.0,0.0,0.0,0.0,1146.0,0.0,0.0,-1130.0,2863.0,2863.0,2863.0,0.0,1380.0,-5.0,0.0,1434.0,212.0,226.0,226.0,267.0,0.0,0.0,0.0
640,665.0,665.0,0.0,212.0,-5.0,0.0,481.0,1342.0,139.0,0.0,2863.0,8.0,8.0,8.0,-1130.0,1434.0,1.0,-1434.0,1439.0,0.0,0.0,0.0,13.0,1451.0,0.0,1130.0,226.0,0.0,0.0,0.0,481.0,0.0,0.0,-1130.0,2863.0,2863.0,2863.0,0.0,1380.0,-5.0,0.0,1434.0,212.0,226.0,226.0,932.0,0.0,0.0,0.0
641,0.0,0.0,0.0,0.0,-5.0,0.0,580.667,1059.333,139.0,494.667,2297.667,8.0,8.0,8.0,-1059.333,1151.333,1.0,-1151.333,1156.333,494.667,494.667,0.0,13.0,1168.333,0.0,1059.333,14.0,0.0,0.0,0.0,580.667,0.0,0.0,-1059.333,2297.667,2297.667,2297.667,0.0,1097.333,-5.0,0.0,1151.333,0.0,14.0,14.0,549.667,0.0,0.0,0.0
642,523.667,523.667,0.0,0.0,-5.0,0.0,57.0,1059.333,139.0,494.667,2297.667,8.0,8.0,8.0,-1059.333,1151.333,1.0,-1151.333,1156.333,494.667,494.667,0.0,13.0,1168.333,0.0,1059.333,14.0,0.0,0.0,0.0,57.0,0.0,0.0,-1059.333,2297.667,2297.667,2297.667,0.0,1097.333,-5.0,0.0,1151.333,0.0,14.0,14.0,1073.333,0.0,0.0,0.0
644,542.667,542.667,0.0,0.0,-5.0,57.0,0.0,1040.333,139.0,513.667,2259.667,8.0,8.0,8.0,-1040.333,1132.333,1.0,-1132.333,1137.333,513.667,513.667,0.0,13.0,1149.333,0.0,1040.333,14.0,0.0,0.0,0.0,0.0,0.0,0.0,-1040.333,2259.667,2259.667,2259.667,0.0,1078.333,-5.0,0.0,1132.333,0.0,14.0,14.0,1054.333,57.0,0.0,0.0
670,1570.0,1570.0,2.5,0.0,-2.5,85.0,0.0,0.0,139.0,0.0,1733.0,15.5,15.5,15.5,0.0,867.75,1.0,-867.75,867.75,0.0,0.0,0.0,15.5,887.25,0.0,0.0,14.0,775.75,2.5,0.0,0.0,0.0,0.0,0.0,1733.0,1733.0,1733.0,0.0,38.0,0.0,0.0,867.75,0.0,14.0,14.0,1540.0,85.0,0.0,0.0
672,792.75,792.75,0.0,388.625,-5.0,1236.375,0.0,1165.375,139.0,0.0,2509.75,8.0,8.0,8.0,-776.75,1257.375,1.0,-1257.375,1262.375,0.0,0.0,0.0,13.0,1274.375,0.0,776.75,402.625,0.0,0.0,0.0,0.0,0.0,0.0,-776.75,2509.75,2509.75,2509.75,0.0,1203.375,-5.0,0.0,1257.375,388.625,402.625,402.625,0.0,1236.375,0.0,0.0
673,953.6,953.6,0.0,308.2,-5.0,1316.8,0.0,602.4,139.0,0.0,2027.2,8.0,8.0,8.0,-294.2,1016.1,1.0,-1016.1,1021.1,0.0,0.0,0.0,13.0,1033.1,0.0,294.2,322.2,321.7,0.0,0.0,0.0,0.0,0.0,-294.2,2027.2,2027.2,2027.2,0.0,640.4,-5.0,0.0,1016.1,308.2,322.2,322.2,0.0,1316.8,0.0,0.0
691,15.5,15.5,0.0,0.0,-5.0,847.75,0.0,776.75,139.0,777.25,1732.5,8.0,8.0,8.0,-776.75,868.75,1.0,-868.75,873.75,777.25,777.25,0.0,13.0,885.75,0.0,776.75,14.0,0.0,0.0,0.0,0.0,0.0,0.0,-776.75,1732.5,1732.5,1732.5,0.0,814.75,-5.0,0.0,868.75,0.0,14.0,14.0,0.0,847.75,0.0,0.0
697,950.4,950.4,-2.667,309.8,-7.667,665.933,0.0,1246.867,139.0,0.0,2670.067,0.0,0.0,0.0,-937.067,1338.867,1.0,-1338.867,1349.2,0.0,0.0,0.0,10.333,1353.2,0.0,937.067,323.8,0.0,-2.667,0.0,0.0,0.0,0.0,-937.067,2670.067,2670.067,2670.067,0.0,1284.867,-10.333,0.0,1338.867,309.8,323.8,323.8,649.267,665.933,0.0,0.0
698,1140.667,1140.667,-2.667,214.667,-7.667,0.0,0.0,1342.0,139.0,0.0,2860.333,0.0,0.0,0.0,-1127.333,1434.0,1.0,-1434.0,1444.333,0.0,0.0,0.0,10.333,1448.333,0.0,1127.333,228.667,0.0,-2.667,0.0,0.0,0.0,0.0,-1127.333,2860.333,2860.333,2860.333,0.0,1380.0,-10.333,0.0,1434.0,214.667,228.667,228.667,1410.333,0.0,0.0,0.0
699,665.0,665.0,-2.667,214.667,-7.667,0.0,475.667,1342.0,139.0,0.0,2860.333,0.0,0.0,0.0,-1127.333,1434.0,1.0,-1434.0,1444.333,0.0,0.0,0.0,10.333,1448.333,0.0,1127.333,228.667,0.0,-2.667,0.0,475.667,0.0,0.0,-1127.333,2860.333,2860.333,2860.333,0.0,1380.0,-10.333,0.0,1434.0,214.667,228.667,228.667,934.667,0.0,0.0,0.0
700,0.0,0.0,-2.667,214.667,-7.667,0.0,1140.667,1342.0,139.0,0.0,2860.333,0.0,0.0,0.0,-1127.333,1434.0,1.0,-1434.0,1444.333,0.0,0.0,0.0,10.333,1448.333,0.0,1127.333,228.667,0.0,-2.667,0.0,1140.667,0.0,0.0,-1127.333,2860.333,2860.333,2860.333,0.0,1380.0,-10.333,0.0,1434.0,214.667,228.667,228.667,269.667,0.0,0.0,0.0
701,1193.875,1193.875,-2.667,390.958,-7.667,1639.833,0.0,759.917,139.0,0.0,2507.75,0.0,0.0,0.0,-368.958,1257.708,1.0,-1257.708,1268.042,0.0,0.0,0.0,10.333,1272.042,0.0,368.958,404.958,0.0,-2.667,0.0,0.0,0.0,0.0,-774.75,2507.75,2507.75,2507.75,405.792,1203.708,-10.333,0.0,1257.708,390.958,404.958,404.958,0.0,1639.833,0.0,0.0
706,537.333,537.333,-2.667,0.0,-7.667,46.333,0.0,1040.333,139.0,516.333,2257.0,0.0,0.0,0.0,-1040.333,1132.333,1.0,-1132.333,1142.667,516.333,516.333,0.0,10.333,1146.667,0.0,1040.333,14.0,0.0,-2.667,0.0,0.0,0.0,0.0,-1040.333,2257.0,2257.0,2257.0,0.0,1078.333,-10.333,0.0,1132.333,0.0,14.0,14.0,1062.333,46.333,0.0,0.0
708,568.222,568.222,-2.667,0.0,-7.667,0.0,0.0,1055.778,139.0,500.889,2287.889,0.0,0.0,0.0,-1055.778,1147.778,1.0,-1147.778,1158.111,500.889,500.889,0.0,10.333,1162.111,0.0,1055.778,14.0,0.0,-2.667,0.0,0.0,0.0,0.0,-1055.778,2287.889,2287.889,2287.889,0.0,1093.778,-10.333,0.0,1147.778,0.0,14.0,14.0,1124.111,0.0,0.0,0.0
709,545.056,545.056,-2.667,0.0,-7.667,0.0,0.0,1102.111,139.0,524.056,2334.222,0.0,0.0,0.0,-1102.111,1170.944,1.0,-1170.944,1181.278,524.056,524.056,0.0,10.333,1185.278,0.0,1102.111,14.0,0.0,-2.667,23.167,0.0,0.0,0.0,-1102.111,2334.222,2334.222,2334.222,0.0,1140.111,-10.333,0.0,1170.944,0.0,14.0,14.0,1124.111,0.0,0.0,0.0
711,0.0,0.0,-2.667,0.0,-7.667,0.0,568.222,1055.778,139.0,500.889,2287.889,0.0,0.0,0.0,-1055.778,1147.778,1.0,-1147.778,1158.111,500.889,500.889,0.0,10.333,1162.111,0.0,1055.778,14.0,0.0,-2.667,0.0,568.222,0.0,0.0,-1055.778,2287.889,2287.889,2287.889,0.0,1093.778,-10.333,0.0,1147.778,0.0,14.0,14.0,555.889,0.0,0.0,0.0
712,521.889,521.889,-2.667,0.0,-7.667,0.0,46.333,1055.778,139.0,500.889,2287.889,0.0,0.0,0.0,-1055.778,1147.778,1.0,-1147.778,1158.111,500.889,500.889,0.0,10.333,1162.111,0.0,1055.778,14.0,0.0,-2.667,0.0,46.333,0.0,0.0,-1055.778,2287.889,2287.889,2287.889,0.0,1093.778,-10.333,0.0,1147.778,0.0,14.0,14.0,1077.778,0.0,0.0,0.0
714,1569.5,1569.5,0.0,388.625,-5.0,2013.125,0.0,388.625,139.0,0.0,2509.75,8.0,8.0,8.0,0.0,1257.375,1.0,-1257.375,1262.375,0.0,0.0,0.0,13.0,1274.375,0.0,0.0,402.625,0.0,0.0,0.0,0.0,0.0,0.0,-776.75,2509.75,2509.75,2509.75,776.75,1203.375,-5.0,0.0,1257.375,388.625,402.625,402.625,0.0,2013.125,0.0,0.0
722,950.4,950.4,-2.667,309.8,-7.667,1315.2,0.0,597.6,139.0,0.0,2020.8,0.0,0.0,0.0,-287.8,1014.233,1.0,-1014.233,1024.567,0.0,0.0,0.0,10.333,1028.567,0.0,287.8,323.8,324.633,-2.667,0.0,0.0,0.0,0.0,-287.8,2020.8,2020.8,2020.8,0.0,635.6,-10.333,0.0,1014.233,309.8,323.8,323.8,0.0,1315.2,0.0,0.0
723,788.083,788.083,-2.667,390.958,-7.667,1234.042,0.0,1165.708,139.0,0.0,2507.75,0.0,0.0,0.0,-774.75,1257.708,1.0,-1257.708,1268.042,0.0,0.0,0.0,10.333,1272.042,0.0,774.75,404.958,0.0,-2.667,0.0,0.0,0.0,0.0,-774.75,2507.75,2507.75,2507.75,0.0,1203.708,-10.333,0.0,1257.708,390.958,404.958,404.958,0.0,1234.042,0.0,0.0
725,1562.833,1562.833,-2.667,390.958,-7.667,2008.792,0.0,390.958,139.0,0.0,2507.75,0.0,0.0,0.0,0.0,1257.708,1.0,-1257.708,1268.042,0.0,0.0,0.0,10.333,1272.042,0.0,0.0,404.958,0.0,-2.667,0.0,0.0,0.0,0.0,-774.75,2507.75,2507.75,2507.75,774.75,1203.708,-10.333,0.0,1257.708,390.958,404.958,404.958,0.0,2008.792,0.0,0.0
726,3054.0,3054.0,0.0,0.0,-5.0,0.0,0.0,70.0,139.0,0.0,3287.0,8.0,8.0,8.0,-70.0,1646.0,1.0,-1646.0,1651.0,0.0,0.0,0.0,13.0,1663.0,0.0,70.0,14.0,0.0,0.0,0.0,0.0,0.0,0.0,-1554.0,3287.0,3287.0,3287.0,1484.0,1592.0,-5.0,0.0,1646.0,0.0,14.0,14.0,3109.0,0.0,0.0,0.0
728,547.667,547.667,2.5,0.0,-2.5,1107.333,0.0,0.0,139.0,511.167,1221.833,15.5,15.5,15.5,0.0,612.167,1.0,-612.167,612.167,511.167,511.167,0.0,15.5,631.667,0.0,0.0,14.0,520.167,2.5,0.0,0.0,0.0,0.0,0.0,1221.833,1221.833,1221.833,0.0,38.0,0.0,0.0,612.167,0.0,14.0,14.0,6.5,1107.333,0.0,0.0
729,0.0,0.0,-2.667,259.611,-7.667,314.611,1050.778,1297.056,139.0,0.0,2770.444,0.0,0.0,0.0,-1037.444,1389.056,1.0,-1389.056,1399.389,0.0,0.0,0.0,10.333,1403.389,0.0,1037.444,273.611,0.0,-2.667,0.0,1050.778,0.0,0.0,-1037.444,2770.444,2770.444,2770.444,0.0,1335.056,-10.333,0.0,1389.056,259.611,273.611,273.611,0.0,314.611,0.0,0.0
732,0.0,0.0,0.0,0.0,-5.0,55.0,3109.0,15.0,139.0,0.0,3287.0,8.0,8.0,8.0,-15.0,1646.0,1.0,-1646.0,1651.0,0.0,0.0,0.0,13.0,1663.0,0.0,15.0,14.0,0.0,0.0,0.0,3109.0,0.0,0.0,-1554.0,3287.0,3287.0,3287.0,1539.0,1592.0,-5.0,0.0,1646.0,0.0,14.0,14.0,0.0,55.0,0.0,0.0
733,0.0,0.0,0.0,0.0,-5.0,0.0,3054.0,70.0,139.0,0.0,3287.0,8.0,8.0,8.0,-70.0,1646.0,1.0,-1646.0,1651.0,0.0,0.0,0.0,13.0,1663.0,0.0,70.0,14.0,0.0,0.0,0.0,3054.0,0.0,0.0,-1554.0,3287.0,3287.0,3287.0,1484.0,1592.0,-5.0,0.0,1646.0,0.0,14.0,14.0,55.0,0.0,0.0,0.0
736,543.333,543.333,2.5,0.0,-2.5,1111.667,0.0,0.0,139.0,513.333,1219.667,15.5,15.5,15.5,0.0,611.083,1.0,-611.083,611.083,513.333,513.333,0.0,15.5,630.583,0.0,0.0,14.0,519.083,2.5,0.0,0.0,0.0,0.0,0.0,1219.667,1219.667,1219.667,0.0,38.0,0.0,0.0,611.083,0.0,14.0,14.0,0.0,1111.667,0.0,0.0
738,0.0,0.0,-2.667,0.0,-7.667,843.083,0.0,787.083,139.0,788.083,1738.167,0.0,0.0,0.0,-787.083,872.917,1.0,-872.917,883.25,788.083,788.083,0.0,10.333,887.25,0.0,787.083,14.0,0.0,-2.667,6.167,0.0,0.0,0.0,-787.083,1738.167,1738.167,1738.167,0.0,825.083,-10.333,0.0,872.917,0.0,14.0,14.0,0.0,843.083,0.0,0.0
742,29.0,29.0,0.0,0.0,-5.0,0.0,3025.0,70.0,139.0,0.0,3287.0,8.0,8.0,8.0,-70.0,1646.0,1.0,-1646.0,1651.0,0.0,0.0,0.0,13.0,1663.0,0.0,70.0,14.0,0.0,0.0,0.0,3025.0,0.0,0.0,-1554.0,3287.0,3287.0,3287.0,1484.0,1592.0,-5.0,0.0,1646.0,0.0,14.0,14.0,84.0,0.0,0.0,0.0
743,71.0,71.0,0.0,14.0,-5.0,140.0,2997.0,14.0,139.0,0.0,3259.0,8.0,8.0,8.0,0.0,1632.0,1.0,-1632.0,1637.0,0.0,0.0,0.0,13.0,1649.0,0.0,0.0,28.0,0.0,0.0,0.0,2997.0,0.0,0.0,-1526.0,3259.0,3259.0,3259.0,1526.0,1578.0,-5.0,0.0,1632.0,14.0,28.0,28.0,0.0,140.0,0.0,0.0
744,820.25,820.25,0.0,14.0,-5.0,1638.5,0.0,14.0,139.0,749.25,1760.5,8.0,8.0,8.0,0.0,882.75,1.0,-882.75,887.75,749.25,749.25,0.0,13.0,899.75,0.0,0.0,28.0,0.0,0.0,0.0,0.0,0.0,0.0,-776.75,1760.5,1760.5,1760.5,776.75,828.75,-5.0,0.0,882.75,14.0,28.0,28.0,0.0,1638.5,0.0,0.0
745,6.167,6.167,-2.667,0.0,-7.667,843.083,0.0,774.75,139.0,781.917,1725.833,0.0,0.0,0.0,-774.75,866.75,1.0,-866.75,877.083,781.917,781.917,0.0,10.333,881.083,0.0,774.75,14.0,0.0,-2.667,0.0,0.0,0.0,0.0,-774.75,1725.833,1725.833,1725.833,0.0,812.75,-10.333,0.0,866.75,0.0,14.0,14.0,0.0,843.083,0.0,0.0
748,0.0,0.0,-2.667,0.0,-7.667,833.833,12.333,777.833,139.0,778.833,1732.0,0.0,0.0,0.0,-777.833,869.833,1.0,-869.833,880.167,778.833,778.833,0.0,10.333,884.167,0.0,777.833,14.0,0.0,-2.667,0.0,12.333,0.0,0.0,-777.833,1732.0,1732.0,1732.0,0.0,815.833,-10.333,0.0,869.833,0.0,14.0,14.0,0.0,833.833,0.0,0.0
750,3124.0,3124.0,0.0,0.0,-5.0,70.0,0.0,0.0,139.0,0.0,3287.0,8.0,8.0,8.0,0.0,1646.0,1.0,-1646.0,1651.0,0.0,0.0,0.0,13.0,1663.0,0.0,0.0,14.0,0.0,0.0,0.0,0.0,0.0,0.0,-1554.0,3287.0,3287.0,3287.0,1554.0,1592.0,-5.0,0.0,1646.0,0.0,14.0,14.0,3109.0,70.0,0.0,0.0
752,29.0,29.0,0.0,0.0,-5.0,70.0,3095.0,0.0,139.0,0.0,3287.0,8.0,8.0,8.0,0.0,1646.0,1.0,-1646.0,1651.0,0.0,0.0,0.0,13.0,1663.0,0.0,0.0,14.0,0.0,0.0,0.0,3095.0,0.0,0.0,-1554.0,3287.0,3287.0,3287.0,1554.0,1592.0,-5.0,0.0,1646.0,0.0,14.0,14.0,14.0,70.0,0.0,0.0
753,802.75,802.75,0.0,0.0,-5.0,1617.5,0.0,0.0,139.0,773.75,1739.5,8.0,8.0,8.0,0.0,872.25,1.0,-872.25,877.25,773.75,773.75,0.0,13.0,889.25,0.0,0.0,14.0,0.0,0.0,0.0,0.0,0.0,0.0,-780.25,1739.5,1739.5,1739.5,780.25,818.25,-5.0,0.0,872.25,0.0,14.0,14.0,14.0,1617.5,0.0,0.0
764,36.5,36.5,2.5,0.0,-2.5,85.0,1533.5,0.0,139.0,0.0,1733.0,15.5,15.5,15.5,0.0,867.75,1.0,-867.75,867.75,0.0,0.0,0.0,15.5,887.25,0.0,0.0,14.0,775.75,2.5,0.0,1533.5,0.0,0.0,0.0,1733.0,1733.0,1733.0,0.0,38.0,0.0,0.0,867.75,0.0,14.0,14.0,6.5,85.0,0.0,0.0
766,30.0,30.0,2.5,0.0,-2.5,85.0,1540.0,0.0,139.0,0.0,1733.0,15.5,15.5,15.5,0.0,867.75,1.0,-867.75,867.75,0.0,0.0,0.0,15.5,887.25,0.0,0.0,14.0,775.75,2.5,0.0,1540.0,0.0,0.0,0.0,1733.0,1733.0,1733.0,0.0,38.0,0.0,0.0,867.75,0.0,14.0,14.0,0.0,85.0,0.0,0.0
809,1570.0,1570.0,0.0,0.0,-5.0,0.0,0.0,70.0,139.0,0.0,1803.0,8.0,8.0,8.0,-70.0,904.0,1.0,-904.0,909.0,0.0,0.0,0.0,13.0,921.0,0.0,70.0,14.0,742.0,0.0,0.0,0.0,0.0,0.0,-70.0,1803.0,1803.0,1803.0,0.0,108.0,-5.0,0.0,904.0,0.0,14.0,14.0,1625.0,0.0,0.0,0.0
812,0.0,0.0,0.0,0.0,-5.0,55.0,1570.0,15.0,139.0,0.0,1748.0,8.0,8.0,8.0,-15.0,876.5,1.0,-876.5,881.5,0.0,0.0,0.0,13.0,893.5,0.0,15.0,14.0,769.5,0.0,0.0,1570.0,0.0,0.0,-15.0,1748.0,1748.0,1748.0,0.0,53.0,-5.0,0.0,876.5,0.0,14.0,14.0,0.0,55.0,0.0,0.0
815,0.0,0.0,0.0,0.0,-5.0,0.0,1570.0,70.0,139.0,0.0,1803.0,8.0,8.0,8.0,-70.0,904.0,1.0,-904.0,909.0,0.0,0.0,0.0,13.0,921.0,0.0,70.0,14.0,742.0,0.0,0.0,1570.0,0.0,0.0,-70.0,1803.0,1803.0,1803.0,0.0,108.0,-5.0,0.0,904.0,0.0,14.0,14.0,55.0,0.0,0.0,0.0
816,29.0,29.0,0.0,0.0,-5.0,0.0,1541.0,70.0,139.0,0.0,1803.0,8.0,8.0,8.0,-70.0,904.0,1.0,-904.0,909.0,0.0,0.0,0.0,13.0,921.0,0.0,70.0,14.0,742.0,0.0,0.0,1541.0,0.0,0.0,-70.0,1803.0,1803.0,1803.0,0.0,108.0,-5.0,0.0,904.0,0.0,14.0,14.0,84.0,0.0,0.0,0.0
838,561.333,561.333,0.0,14.0,-5.0,1120.667,0.0,14.0,139.0,490.333,1242.667,8.0,8.0,8.0,0.0,623.833,1.0,-623.833,628.833,490.333,490.333,0.0,13.0,640.833,0.0,0.0,28.0,517.833,0.0,0.0,0.0,0.0,0.0,0.0,1242.667,1242.667,1242.667,0.0,52.0,-5.0,0.0,623.833,14.0,28.0,28.0,0.0,1120.667,0.0,0.0
846,71.0,71.0,0.0,14.0,-5.0,140.0,1471.0,14.0,139.0,0.0,1733.0,8.0,8.0,8.0,0.0,869.0,1.0,-869.0,874.0,0.0,0.0,0.0,13.0,886.0,0.0,0.0,28.0,763.0,0.0,0.0,1471.0,0.0,0.0,0.0,1733.0,1733.0,1733.0,0.0,52.0,-5.0,0.0,869.0,14.0,28.0,28.0,0.0,140.0,0.0,0.0
853,1051.667,1051.667,0.0,259.167,-5.0,1365.833,0.0,259.167,139.0,0.0,1733.0,8.0,8.0,8.0,0.0,869.0,1.0,-869.0,874.0,0.0,0.0,0.0,13.0,886.0,0.0,0.0,273.167,517.833,0.0,0.0,0.0,0.0,0.0,0.0,1733.0,1733.0,1733.0,0.0,297.167,-5.0,0.0,869.0,259.167,273.167,273.167,0.0,1365.833,0.0,0.0
860,1570.0,1570.0,0.0,0.0,-5.0,70.0,0.0,0.0,139.0,0.0,1733.0,8.0,8.0,8.0,0.0,869.0,1.0,-869.0,874.0,0.0,0.0,0.0,13.0,886.0,0.0,0.0,14.0,777.0,0.0,0.0,0.0,0.0,0.0,0.0,1733.0,1733.0,1733.0,0.0,38.0,-5.0,0.0,869.0,0.0,14.0,14.0,1555.0,70.0,0.0,0.0
870,792.25,792.25,0.0,0.0,-5.0,1624.5,0.0,0.0,139.0,777.25,1732.5,8.0,8.0,8.0,0.0,868.75,1.0,-868.75,873.75,777.25,777.25,0.0,13.0,885.75,0.0,0.0,14.0,0.0,0.0,0.0,0.0,0.0,0.0,-776.75,1732.5,1732.5,1732.5,776.75,814.75,-5.0,0.0,868.75,0.0,14.0,14.0,0.0,1624.5,0.0,0.0
872,0.0,0.0,-2.5,0.0,-7.5,55.0,3126.5,0.0,139.0,0.0,3289.5,0.5,0.5,0.5,0.0,1648.5,1.0,-1648.5,1658.5,0.0,0.0,0.0,10.5,1663.0,0.0,0.0,14.0,0.0,-2.5,0.0,3126.5,0.0,0.0,-1556.5,3289.5,3289.5,3289.5,1556.5,1594.5,-10.0,0.0,1648.5,0.0,14.0,14.0,0.0,55.0,0.0,0.0
877,15.0,15.0,0.0,0.0,-5.0,70.0,3109.0,0.0,139.0,0.0,3287.0,8.0,8.0,8.0,0.0,1646.0,1.0,-1646.0,1651.0,0.0,0.0,0.0,13.0,1663.0,0.0,0.0,14.0,0.0,0.0,0.0,3109.0,0.0,0.0,-1554.0,3287.0,3287.0,3287.0,1554.0,1592.0,-5.0,0.0,1646.0,0.0,14.0,14.0,0.0,70.0,0.0,0.0
880,542.667,542.667,0.0,0.0,-5.0,1097.333,0.0,0.0,139.0,513.667,1219.333,8.0,8.0,8.0,0.0,612.167,1.0,-612.167,617.167,513.667,513.667,0.0,13.0,629.167,0.0,0.0,14.0,520.167,0.0,0.0,0.0,0.0,0.0,0.0,1219.333,1219.333,1219.333,0.0,38.0,-5.0,0.0,612.167,0.0,14.0,14.0,14.0,1097.333,0.0,0.0
882,3072.667,3072.667,-2.667,0.0,-7.667,0.0,0.0,54.0,139.0,0.0,3289.667,0.0,0.0,0.0,-54.0,1648.667,1.0,-1648.667,1659.0,0.0,0.0,0.0,10.333,1663.0,0.0,54.0,14.0,0.0,-2.667,0.0,0.0,0.0,0.0,-1556.667,3289.667,3289.667,3289.667,1502.667,1594.667,-10.333,0.0,1648.667,0.0,14.0,14.0,3127.667,0.0,0.0,0.0
887,0.0,0.0,-2.667,0.0,-7.667,0.0,3072.667,54.0,139.0,0.0,3289.667,0.0,0.0,0.0,-54.0,1648.667,1.0,-1648.667,1659.0,0.0,0.0,0.0,10.333,1663.0,0.0,54.0,14.0,0.0,-2.667,0.0,3072.667,0.0,0.0,-1556.667,3289.667,3289.667,3289.667,1502.667,1594.667,-10.333,0.0,1648.667,0.0,14.0,14.0,55.0,0.0,0.0,0.0
888,533.333,533.333,0.0,0.0,-5.0,1106.667,0.0,0.0,139.0,518.333,1214.667,8.0,8.0,8.0,0.0,609.833,1.0,-609.833,614.833,518.333,518.333,0.0,13.0,626.833,0.0,0.0,14.0,517.833,0.0,0.0,0.0,0.0,0.0,0.0,1214.667,1214.667,1214.667,0.0,38.0,-5.0,0.0,609.833,0.0,14.0,14.0,0.0,1106.667,0.0,0.0
890,21.0,21.0,-2.667,0.0,-7.667,0.0,3051.667,54.0,139.0,0.0,3289.667,0.0,0.0,0.0,-54.0,1648.667,1.0,-1648.667,1659.0,0.0,0.0,0.0,10.333,1663.0,0.0,54.0,14.0,0.0,-2.667,0.0,3051.667,0.0,0.0,-1556.667,3289.667,3289.667,3289.667,1502.667,1594.667,-10.333,0.0,1648.667,0.0,14.0,14.0,76.0,0.0,0.0,0.0
896,824.917,824.917,-2.667,22.0,-7.667,1639.833,0.0,22.0,139.0,737.917,1769.833,0.0,0.0,0.0,0.0,888.75,1.0,-888.75,899.083,737.917,737.917,0.0,10.333,903.083,0.0,0.0,36.0,0.0,-2.667,0.0,0.0,0.0,0.0,-774.75,1769.833,1769.833,1769.833,774.75,834.75,-10.333,0.0,888.75,22.0,36.0,36.0,0.0,1639.833,0.0,0.0
897,87.0,87.0,-2.667,22.0,-7.667,164.0,2951.667,22.0,139.0,0.0,3245.667,0.0,0.0,0.0,0.0,1626.667,1.0,-1626.667,1637.0,0.0,0.0,0.0,10.333,1641.0,0.0,0.0,36.0,0.0,-2.667,0.0,2951.667,0.0,0.0,-1512.667,3245.667,3245.667,3245.667,1512.667,1572.667,-10.333,0.0,1626.667,22.0,36.0,36.0,0.0,164.0,0.0,0.0
900,797.417,797.417,-2.667,0.0,-7.667,1606.833,0.0,0.0,139.0,776.417,1736.833,0.0,0.0,0.0,0.0,872.25,1.0,-872.25,882.583,776.417,776.417,0.0,10.333,886.583,0.0,0.0,14.0,0.0,-2.667,0.0,0.0,0.0,0.0,-780.25,1736.833,1736.833,1736.833,780.25,818.25,-10.333,0.0,872.25,0.0,14.0,14.0,22.0,1606.833,0.0,0.0
901,3126.667,3126.667,-2.667,0.0,-7.667,54.0,0.0,0.0,139.0,0.0,3289.667,0.0,0.0,0.0,0.0,1648.667,1.0,-1648.667,1659.0,0.0,0.0,0.0,10.333,1663.0,0.0,0.0,14.0,0.0,-2.667,0.0,0.0,0.0,0.0,-1556.667,3289.667,3289.667,3289.667,1556.667,1594.667,-10.333,0.0,1648.667,0.0,14.0,14.0,3127.667,54.0,0.0,0.0
904,21.0,21.0,-2.667,0.0,-7.667,54.0,3105.667,0.0,139.0,0.0,3289.667,0.0,0.0,0.0,0.0,1648.667,1.0,-1648.667,1659.0,0.0,0.0,0.0,10.333,1663.0,0.0,0.0,14.0,0.0,-2.667,0.0,3105.667,0.0,0.0,-1556.667,3289.667,3289.667,3289.667,1556.667,1594.667,-10.333,0.0,1648.667,0.0,14.0,14.0,22.0,54.0,0.0,0.0
909,0.0,0.0,-2.5,0.0,-7.5,55.0,1570.0,0.0,139.0,0.0,1733.0,0.5,0.5,0.5,0.0,870.25,1.0,-870.25,880.25,0.0,0.0,0.0,10.5,884.75,0.0,0.0,14.0,778.25,-2.5,0.0,1570.0,0.0,0.0,0.0,1733.0,1733.0,1733.0,0.0,38.0,-10.0,0.0,870.25,0.0,14.0,14.0,0.0,55.0,0.0,0.0
912,15.0,15.0,0.0,0.0,-5.0,70.0,1555.0,0.0,139.0,0.0,1733.0,8.0,8.0,8.0,0.0,869.0,1.0,-869.0,874.0,0.0,0.0,0.0,13.0,886.0,0.0,0.0,14.0,777.0,0.0,0.0,1555.0,0.0,0.0,0.0,1733.0,1733.0,1733.0,0.0,38.0,-5.0,0.0,869.0,0.0,14.0,14.0,0.0,70.0,0.0,0.0
914,29.0,29.0,0.0,0.0,-5.0,70.0,1541.0,0.0,139.0,0.0,1733.0,8.0,8.0,8.0,0.0,869.0,1.0,-869.0,874.0,0.0,0.0,0.0,13.0,886.0,0.0,0.0,14.0,777.0,0.0,0.0,1541.0,0.0,0.0,0.0,1733.0,1733.0,1733.0,0.0,38.0,-5.0,0.0,869.0,0.0,14.0,14.0,14.0,70.0,0.0,0.0
927,1046.333,1046.333,-2.667,261.833,-7.667,1363.167,0.0,261.833,139.0,0.0,1733.0,0.0,0.0,0.0,0.0,870.333,1.0,-870.333,880.667,0.0,0.0,0.0,10.333,884.667,0.0,0.0,275.833,516.5,-2.667,0.0,0.0,0.0,0.0,0.0,1733.0,1733.0,1733.0,0.0,299.833,-10.333,0.0,870.333,261.833,275.833,275.833,0.0,1363.167,0.0,0.0
939,1570.0,1570.0,-2.667,0.0,-7.667,0.0,0.0,54.0,139.0,0.0,1787.0,0.0,0.0,0.0,-54.0,897.333,1.0,-897.333,907.667,0.0,0.0,0.0,10.333,911.667,0.0,54.0,14.0,751.333,-2.667,0.0,0.0,0.0,0.0,-54.0,1787.0,1787.0,1787.0,0.0,92.0,-10.333,0.0,897.333,0.0,14.0,14.0,1625.0,0.0,0.0,0.0
942,21.0,21.0,-2.667,0.0,-7.667,0.0,1549.0,54.0,139.0,0.0,1787.0,0.0,0.0,0.0,-54.0,897.333,1.0,-897.333,907.667,0.0,0.0,0.0,10.333,911.667,0.0,54.0,14.0,751.333,-2.667,0.0,1549.0,0.0,0.0,-54.0,1787.0,1787.0,1787.0,0.0,92.0,-10.333,0.0,897.333,0.0,14.0,14.0,76.0,0.0,0.0,0.0
943,0.0,0.0,-2.667,0.0,-7.667,0.0,1570.0,54.0,139.0,0.0,1787.0,0.0,0.0,0.0,-54.0,897.333,1.0,-897.333,907.667,0.0,0.0,0.0,10.333,911.667,0.0,54.0,14.0,751.333,-2.667,0.0,1570.0,0.0,0.0,-54.0,1787.0,1787.0,1787.0,0.0,92.0,-10.333,0.0,897.333,0.0,14.0,14.0,55.0,0.0,0.0,0.0
953,0.0,0.0,-2.667,0.25,-7.667,55.25,3125.667,0.25,139.0,0.0,3289.167,0.0,0.0,0.0,0.0,1648.417,1.0,-1648.417,1658.75,0.0,0.0,0.0,10.333,1662.75,0.0,0.0,14.25,0.0,-2.667,0.0,3125.667,0.0,0.0,-1556.167,3289.167,3289.167,3289.167,1556.167,1594.417,-10.333,0.0,1648.417,0.25,14.25,14.25,0.0,55.25,0.0,0.0
963,566.667,566.667,-2.667,22.0,-7.667,1123.333,0.0,22.0,139.0,479.667,1253.333,0.0,0.0,0.0,0.0,630.5,1.0,-630.5,640.833,479.667,479.667,0.0,10.333,644.833,0.0,0.0,36.0,516.5,-2.667,0.0,0.0,0.0,0.0,0.0,1253.333,1253.333,1253.333,0.0,60.0,-10.333,0.0,630.5,22.0,36.0,36.0,0.0,1123.333,0.0,0.0
966,0.0,0.0,-2.667,0.25,-7.667,55.25,1569.5,0.25,139.0,0.0,1733.0,0.0,0.0,0.0,0.0,870.333,1.0,-870.333,880.667,0.0,0.0,0.0,10.333,884.667,0.0,0.0,14.25,778.083,-2.667,0.0,1569.5,0.0,0.0,0.0,1733.0,1733.0,1733.0,0.0,38.25,-10.333,0.0,870.333,0.25,14.25,14.25,0.0,55.25,0.0,0.0
973,87.0,87.0,-2.667,22.0,-7.667,164.0,1439.0,22.0,139.0,0.0,1733.0,0.0,0.0,0.0,0.0,870.333,1.0,-870.333,880.667,0.0,0.0,0.0,10.333,884.667,0.0,0.0,36.0,756.333,-2.667,0.0,1439.0,0.0,0.0,0.0,1733.0,1733.0,1733.0,0.0,60.0,-10.333,0.0,870.333,22.0,36.0,36.0,0.0,164.0,0.0,0.0
975,1570.0,1570.0,-2.667,0.0,-7.667,54.0,0.0,0.0,139.0,0.0,1733.0,0.0,0.0,0.0,0.0,870.333,1.0,-870.333,880.667,0.0,0.0,0.0,10.333,884.667,0.0,0.0,14.0,778.333,-2.667,0.0,0.0,0.0,0.0,0.0,1733.0,1733.0,1733.0,0.0,38.0,-10.333,0.0,870.333,0.0,14.0,14.0,1571.0,54.0,0.0,0.0
976,780.917,780.917,-2.667,0.0,-7.667,1617.833,0.0,0.0,139.0,781.917,1725.833,0.0,0.0,0.0,0.0,866.75,1.0,-866.75,877.083,781.917,781.917,0.0,10.333,881.083,0.0,0.0,14.0,0.0,-2.667,0.0,0.0,0.0,0.0,-774.75,1725.833,1725.833,1725.833,774.75,812.75,-10.333,0.0,866.75,0.0,14.0,14.0,0.0,1617.833,0.0,0.0
991,537.333,537.333,-2.667,0.0,-7.667,1086.667,0.0,0.0,139.0,516.333,1216.667,0.0,0.0,0.0,0.0,612.167,1.0,-612.167,622.5,516.333,516.333,0.0,10.333,626.5,0.0,0.0,14.0,520.167,-2.667,0.0,0.0,0.0,0.0,0.0,1216.667,1216.667,1216.667,0.0,38.0,-10.333,0.0,612.167,0.0,14.0,14.0,22.0,1086.667,0.0,0.0
992,0.0,0.0,-2.667,0.0,-7.667,54.0,3126.667,0.0,139.0,0.0,3289.667,0.0,0.0,0.0,0.0,1648.667,1.0,-1648.667,1659.0,0.0,0.0,0.0,10.333,1663.0,0.0,0.0,14.0,0.0,-2.667,0.0,3126.667,0.0,0.0,-1556.667,3289.667,3289.667,3289.667,1556.667,1594.667,-10.333,0.0,1648.667,0.0,14.0,14.0,1.0,54.0,0.0,0.0
993,522.667,522.667,-2.667,0.0,-7.667,1101.333,0.0,0.0,139.0,523.667,1209.333,0.0,0.0,0.0,0.0,608.5,1.0,-608.5,618.833,523.667,523.667,0.0,10.333,622.833,0.0,0.0,14.0,516.5,-2.667,0.0,0.0,0.0,0.0,0.0,1209.333,1209.333,1209.333,0.0,38.0,-10.333,0.0,608.5,0.0,14.0,14.0,0.0,1101.333,0.0,0.0
1001,0.0,0.0,-2.667,0.0,-7.667,56.0,3123.667,0.0,139.0,1.0,3287.667,0.0,0.0,0.0,0.0,1647.667,1.0,-1647.667,1658.0,1.0,1.0,0.0,10.333,1662.0,0.0,0.0,14.0,0.0,-2.667,0.0,3123.667,0.0,0.0,-1555.667,3287.667,3287.667,3287.667,1555.667,1593.667,-10.333,0.0,1647.667,0.0,14.0,14.0,0.0,56.0,0.0,0.0
1007,21.0,21.0,-2.667,0.0,-7.667,54.0,1549.0,0.0,139.0,0.0,1733.0,0.0,0.0,0.0,0.0,870.333,1.0,-870.333,880.667,0.0,0.0,0.0,10.333,884.667,0.0,0.0,14.0,778.333,-2.667,0.0,1549.0,0.0,0.0,0.0,1733.0,1733.0,1733.0,0.0,38.0,-10.333,0.0,870.333,0.0,14.0,14.0,22.0,54.0,0.0,0.0
1008,0.0,0.0,-2.667,0.0,-7.667,54.0,1570.0,0.0,139.0,0.0,1733.0,0.0,0.0,0.0,0.0,870.333,1.0,-870.333,880.667,0.0,0.0,0.0,10.333,884.667,0.0,0.0,14.0,778.333,-2.667,0.0,1570.0,0.0,0.0,0.0,1733.0,1733.0,1733.0,0.0,38.0,-10.333,0.0,870.333,0.0,14.0,14.0,1.0,54.0,0.0,0.0
1009,0.0,0.0,-2.667,0.0,-7.667,56.0,1568.0,0.0,139.0,1.0,1732.0,0.0,0.0,0.0,0.0,869.833,1.0,-869.833,880.167,1.0,1.0,0.0,10.333,884.167,0.0,0.0,14.0,777.833,-2.667,0.0,1568.0,0.0,0.0,0.0,1732.0,1732.0,1732.0,0.0,38.0,-10.333,0.0,869.833,0.0,14.0,14.0,0.0,56.0,0.0,0.0
1010,2679.857,2679.857,444.143,0.0,439.143,2734.857,0.0,0.0,139.0,0.0,1733.0,2450.286,2450.286,1340.429,0.0,92.0,1.0,-92.0,-791.286,0.0,0.0,0.0,457.143,1663.0,0.0,0.0,14.0,0.0,444.143,0.0,0.0,0.0,0.0,0.0,1733.0,1733.0,1733.0,0.0,38.0,883.286,0.0,92.0,0.0,14.0,14.0,0.0,2734.857,1109.857,1109.857
1029,3467.0,3467.0,5.0,855.5,0.0,4377.5,0.0,855.5,139.0,0.0,2675.5,2688.5,2688.5,23.0,0.0,5.0,1.0,-5.0,0.0,0.0,0.0,0.0,18.0,2692.5,0.0,0.0,869.5,0.0,5.0,942.5,0.0,0.0,0.0,0.0,2675.5,2675.5,2675.5,0.0,893.5,5.0,0.0,5.0,855.5,869.5,869.5,0.0,4377.5,2665.5,2665.5
1035,812.5,812.5,5.0,0.0,0.0,1636.0,0.0,1.0,139.0,768.5,965.5,802.5,802.5,23.0,-1.0,93.0,1.0,-93.0,88.0,768.5,768.5,0.0,18.0,894.5,0.0,1.0,14.0,0.0,5.0,0.0,0.0,0.0,0.0,-1.0,965.5,965.5,965.5,0.0,39.0,5.0,0.0,93.0,0.0,14.0,14.0,0.0,1636.0,779.5,779.5
1036,815.875,815.875,2.5,6.5,-2.5,1637.25,0.0,6.5,139.0,759.875,973.125,794.125,794.125,15.5,0.0,98.5,1.0,-98.5,98.5,759.875,759.875,0.0,15.5,896.625,0.0,0.0,20.5,0.0,2.5,0.0,0.0,0.0,0.0,0.0,973.125,973.125,973.125,0.0,44.5,0.0,0.0,98.5,6.5,20.5,20.5,0.0,1637.25,778.625,778.625
1037,44.0,44.0,5.0,0.0,0.0,99.0,3074.0,1.0,139.0,0.0,1734.0,1571.0,1571.0,23.0,-1.0,93.0,1.0,-93.0,88.0,0.0,0.0,0.0,18.0,1663.0,0.0,1.0,14.0,0.0,5.0,0.0,3074.0,0.0,0.0,-1.0,1734.0,1734.0,1734.0,0.0,39.0,5.0,0.0,93.0,0.0,14.0,14.0,0.0,99.0,1548.0,1548.0
1038,3119.0,3119.0,5.0,0.0,0.0,100.0,0.0,0.0,139.0,0.0,1733.0,1572.0,1572.0,23.0,0.0,92.0,1.0,-92.0,87.0,0.0,0.0,0.0,18.0,1663.0,0.0,0.0,14.0,0.0,5.0,0.0,0.0,0.0,0.0,0.0,1733.0,1733.0,1733.0,0.0,38.0,5.0,0.0,92.0,0.0,14.0,14.0,3074.0,100.0,1549.0,1549.0
1039,56.0,56.0,2.5,6.5,-2.5,117.5,3039.5,6.5,139.0,0.0,1733.0,1554.0,1554.0,15.5,0.0,98.5,1.0,-98.5,98.5,0.0,0.0,0.0,15.5,1656.5,0.0,0.0,20.5,0.0,2.5,0.0,3039.5,0.0,0.0,0.0,1733.0,1733.0,1733.0,0.0,44.5,0.0,0.0,98.5,6.5,20.5,20.5,0.0,117.5,1538.5,1538.5
1040,813.5,813.5,5.0,0.0,0.0,1637.0,0.0,0.0,139.0,768.5,964.5,803.5,803.5,23.0,0.0,92.0,1.0,-92.0,87.0,768.5,768.5,0.0,18.0,894.5,0.0,0.0,14.0,0.0,5.0,0.0,0.0,0.0,0.0,0.0,964.5,964.5,964.5,0.0,38.0,5.0,0.0,92.0,0.0,14.0,14.0,0.0,1637.0,780.5,780.5
1043,45.0,45.0,5.0,0.0,0.0,100.0,3074.0,0.0,139.0,0.0,1733.0,1572.0,1572.0,23.0,0.0,92.0,1.0,-92.0,87.0,0.0,0.0,0.0,18.0,1663.0,0.0,0.0,14.0,0.0,5.0,0.0,3074.0,0.0,0.0,0.0,1733.0,1733.0,1733.0,0.0,38.0,5.0,0.0,92.0,0.0,14.0,14.0,0.0,100.0,1549.0,1549.0
1045,43.0,43.0,4.667,0.0,-0.333,98.0,3076.333,0.0,139.0,0.0,1733.0,1571.333,1571.333,22.0,0.0,92.0,1.0,-92.0,87.667,0.0,0.0,0.0,17.667,1663.0,0.0,0.0,14.0,0.0,4.667,0.0,3076.333,0.0,0.0,0.0,1733.0,1733.0,1733.0,0.0,38.0,4.333,0.0,92.0,0.0,14.0,14.0,0.0,98.0,1549.333,1549.333
1046,812.083,812.083,4.667,0.0,-0.333,1636.167,0.0,0.0,139.0,769.083,963.917,802.25,802.25,22.0,0.0,92.0,1.0,-92.0,87.667,769.083,769.083,0.0,17.667,893.917,0.0,0.0,14.0,0.0,4.667,0.0,0.0,0.0,0.0,0.0,963.917,963.917,963.917,0.0,38.0,4.333,0.0,92.0,0.0,14.0,14.0,0.0,1636.167,780.25,780.25
1053,3121.5,3121.5,2.5,0.0,-2.5,85.0,0.0,0.0,139.0,0.0,1733.0,1567.0,1567.0,15.5,0.0,92.0,1.0,-92.0,92.0,0.0,0.0,0.0,15.5,1663.0,0.0,0.0,14.0,0.0,2.5,0.0,0.0,0.0,0.0,0.0,1733.0,1733.0,1733.0,0.0,38.0,0.0,0.0,92.0,0.0,14.0,14.0,3091.5,85.0,1551.5,1551.5
1054,36.5,36.5,2.5,0.0,-2.5,85.0,3085.0,0.0,139.0,0.0,1733.0,1567.0,1567.0,15.5,0.0,92.0,1.0,-92.0,92.0,0.0,0.0,0.0,15.5,1663.0,0.0,0.0,14.0,0.0,2.5,0.0,3085.0,0.0,0.0,0.0,1733.0,1733.0,1733.0,0.0,38.0,0.0,0.0,92.0,0.0,14.0,14.0,6.5,85.0,1551.5,1551.5
1055,802.875,802.875,2.5,0.0,-2.5,1630.75,0.0,0.0,139.0,772.875,960.125,794.125,794.125,15.5,0.0,92.0,1.0,-92.0,92.0,772.875,772.875,0.0,15.5,890.125,0.0,0.0,14.0,0.0,2.5,0.0,0.0,0.0,0.0,0.0,960.125,960.125,960.125,0.0,38.0,0.0,0.0,92.0,0.0,14.0,14.0,0.0,1630.75,778.625,778.625
1056,30.0,30.0,2.5,0.0,-2.5,85.0,3091.5,0.0,139.0,0.0,1733.0,1567.0,1567.0,15.5,0.0,92.0,1.0,-92.0,92.0,0.0,0.0,0.0,15.5,1663.0,0.0,0.0,14.0,0.0,2.5,0.0,3091.5,0.0,0.0,0.0,1733.0,1733.0,1733.0,0.0,38.0,0.0,0.0,92.0,0.0,14.0,14.0,0.0,85.0,1551.5,1551.5
1057,807.75,807.75,2.5,0.0,-2.5,1627.5,0.0,0.0,139.0,771.25,961.75,795.75,795.75,15.5,0.0,92.0,1.0,-92.0,92.0,771.25,771.25,0.0,15.5,891.75,0.0,0.0,14.0,0.0,2.5,0.0,0.0,0.0,0.0,0.0,961.75,961.75,961.75,0.0,38.0,0.0,0.0,92.0,0.0,14.0,14.0,6.5,1627.5,780.25,780.25
1059,3767.0,3767.0,5.0,0.0,0.0,0.0,0.0,100.0,139.0,0.0,2020.0,2033.0,2033.0,23.0,-100.0,5.0,1.0,-5.0,0.0,0.0,0.0,0.0,18.0,2037.0,0.0,100.0,14.0,0.0,5.0,187.0,0.0,0.0,0.0,-100.0,2020.0,2020.0,2020.0,0.0,138.0,5.0,0.0,5.0,0.0,14.0,14.0,3822.0,0.0,2010.0,2010.0
1060,900.5,900.5,5.0,0.0,0.0,1812.0,0.0,1.0,139.0,856.5,965.5,978.5,978.5,23.0,-1.0,5.0,1.0,-5.0,0.0,856.5,856.5,0.0,18.0,982.5,0.0,1.0,14.0,0.0,5.0,88.0,0.0,0.0,0.0,-1.0,965.5,965.5,965.5,0.0,39.0,5.0,0.0,5.0,0.0,14.0,14.0,0.0,1812.0,955.5,955.5
1063,44.0,44.0,5.0,0.0,0.0,99.0,3426.0,1.0,139.0,0.0,1822.0,1835.0,1835.0,23.0,-1.0,5.0,1.0,-5.0,0.0,0.0,0.0,0.0,18.0,1839.0,0.0,1.0,14.0,0.0,5.0,88.0,3426.0,0.0,0.0,-1.0,1822.0,1822.0,1822.0,0.0,39.0,5.0,0.0,5.0,0.0,14.0,14.0,0.0,99.0,1812.0,1812.0
1064,0.0,0.0,5.0,0.0,0.0,55.0,3602.0,45.0,139.0,0.0,1910.0,1923.0,1923.0,23.0,-45.0,5.0,1.0,-5.0,0.0,0.0,0.0,0.0,18.0,1927.0,0.0,45.0,14.0,0.0,5.0,132.0,3602.0,0.0,0.0,-45.0,1910.0,1910.0,1910.0,0.0,83.0,5.0,0.0,5.0,0.0,14.0,14.0,0.0,55.0,1900.0,1900.0
1066,44.0,44.0,5.0,0.0,0.0,0.0,3723.0,100.0,139.0,0.0,2020.0,2033.0,2033.0,23.0,-100.0,5.0,1.0,-5.0,0.0,0.0,0.0,0.0,18.0,2037.0,0.0,100.0,14.0,0.0,5.0,187.0,3723.0,0.0,0.0,-100.0,2020.0,2020.0,2020.0,0.0,138.0,5.0,0.0,5.0,0.0,14.0,14.0,99.0,0.0,2010.0,2010.0
1067,0.0,0.0,5.0,0.0,0.0,0.0,3767.0,100.0,139.0,0.0,2020.0,2033.0,2033.0,23.0,-100.0,5.0,1.0,-5.0,0.0,0.0,0.0,0.0,18.0,2037.0,0.0,100.0,14.0,0.0,5.0,187.0,3767.0,0.0,0.0,-100.0,2020.0,2020.0,2020.0,0.0,138.0,5.0,0.0,5.0,0.0,14.0,14.0,55.0,0.0,2010.0,2010.0
1068,3075.5,3075.5,48.5,0.0,43.5,361.0,0.0,0.0,139.0,0.0,1733.0,1659.0,1659.0,153.5,0.0,92.0,1.0,-92.0,0.0,0.0,0.0,0.0,61.5,1663.0,0.0,0.0,14.0,0.0,48.5,0.0,0.0,0.0,0.0,0.0,1733.0,1733.0,1733.0,0.0,38.0,92.0,0.0,92.0,0.0,14.0,14.0,2769.5,361.0,1505.5,1505.5
1073,998.375,998.375,48.5,0.0,43.5,1745.75,0.0,0.0,139.0,692.375,1040.625,966.625,966.625,153.5,0.0,92.0,1.0,-92.0,0.0,692.375,692.375,0.0,61.5,970.625,0.0,0.0,14.0,0.0,48.5,0.0,0.0,0.0,0.0,0.0,1040.625,1040.625,1040.625,0.0,38.0,92.0,0.0,92.0,0.0,14.0,14.0,0.0,1745.75,813.125,813.125
1075,3467.0,3467.0,5.0,0.0,0.0,100.0,0.0,0.0,139.0,0.0,1820.0,1833.0,1833.0,23.0,0.0,5.0,1.0,-5.0,0.0,0.0,0.0,0.0,18.0,1837.0,0.0,0.0,14.0,0.0,5.0,87.0,0.0,0.0,0.0,0.0,1820.0,1820.0,1820.0,0.0,38.0,5.0,0.0,5.0,0.0,14.0,14.0,3422.0,100.0,1810.0,1810.0
1076,900.5,900.5,5.0,0.0,0.0,1811.0,0.0,0.0,139.0,855.5,964.5,977.5,977.5,23.0,0.0,5.0,1.0,-5.0,0.0,855.5,855.5,0.0,18.0,981.5,0.0,0.0,14.0,0.0,5.0,87.0,0.0,0.0,0.0,0.0,964.5,964.5,964.5,0.0,38.0,5.0,0.0,5.0,0.0,14.0,14.0,0.0,1811.0,954.5,954.5
1081,306.0,306.0,48.5,0.0,43.5,361.0,2769.5,0.0,139.0,0.0,1733.0,1659.0,1659.0,153.5,0.0,92.0,1.0,-92.0,0.0,0.0,0.0,0.0,61.5,1663.0,0.0,0.0,14.0,0.0,48.5,0.0,2769.5,0.0,0.0,0.0,1733.0,1733.0,1733.0,0.0,38.0,92.0,0.0,92.0,0.0,14.0,14.0,0.0,361.0,1505.5,1505.5
1082,45.0,45.0,5.0,0.0,0.0,100.0,3422.0,0.0,139.0,0.0,1820.0,1833.0,1833.0,23.0,0.0,5.0,1.0,-5.0,0.0,0.0,0.0,0.0,18.0,1837.0,0.0,0.0,14.0,0.0,5.0,87.0,3422.0,0.0,0.0,0.0,1820.0,1820.0,1820.0,0.0,38.0,5.0,0.0,5.0,0.0,14.0,14.0,0.0,100.0,1810.0,1810.0
1083,899.75,899.75,4.667,0.0,-0.333,1811.5,0.0,0.0,139.0,856.75,963.917,977.583,977.583,22.0,0.0,4.333,1.0,-4.333,0.0,856.75,856.75,0.0,17.667,981.583,0.0,0.0,14.0,0.0,4.667,87.667,0.0,0.0,0.0,0.0,963.917,963.917,963.917,0.0,38.0,4.333,0.0,4.333,0.0,14.0,14.0,0.0,1811.5,955.583,955.583
1085,43.0,43.0,4.667,0.0,-0.333,98.0,3427.0,0.0,139.0,0.0,1820.667,1834.333,1834.333,22.0,0.0,4.333,1.0,-4.333,0.0,0.0,0.0,0.0,17.667,1838.333,0.0,0.0,14.0,0.0,4.667,87.667,3427.0,0.0,0.0,0.0,1820.667,1820.667,1820.667,0.0,38.0,4.333,0.0,4.333,0.0,14.0,14.0,0.0,98.0,1812.333,1812.333
1094,3036.5,3036.5,2.5,0.0,-2.5,0.0,0.0,85.0,139.0,0.0,1818.0,1482.0,1482.0,15.5,-85.0,177.0,1.0,-177.0,177.0,0.0,0.0,0.0,15.5,1663.0,0.0,85.0,14.0,0.0,2.5,0.0,0.0,0.0,0.0,-85.0,1818.0,1818.0,1818.0,0.0,123.0,0.0,0.0,177.0,0.0,14.0,14.0,3091.5,0.0,1466.5,1466.5
1098,0.0,0.0,2.5,0.0,-2.5,55.0,3091.5,30.0,139.0,0.0,1763.0,1537.0,1537.0,15.5,-30.0,122.0,1.0,-122.0,122.0,0.0,0.0,0.0,15.5,1663.0,0.0,30.0,14.0,0.0,2.5,0.0,3091.5,0.0,0.0,-30.0,1763.0,1763.0,1763.0,0.0,68.0,0.0,0.0,122.0,0.0,14.0,14.0,0.0,55.0,1521.5,1521.5
1100,36.5,36.5,2.5,0.0,-2.5,0.0,3000.0,85.0,139.0,0.0,1818.0,1482.0,1482.0,15.5,-85.0,177.0,1.0,-177.0,177.0,0.0,0.0,0.0,15.5,1663.0,0.0,85.0,14.0,0.0,2.5,0.0,3000.0,0.0,0.0,-85.0,1818.0,1818.0,1818.0,0.0,123.0,0.0,0.0,177.0,0.0,14.0,14.0,91.5,0.0,1466.5,1466.5
1104,0.0,0.0,2.5,0.0,-2.5,0.0,3036.5,85.0,139.0,0.0,1818.0,1482.0,1482.0,15.5,-85.0,177.0,1.0,-177.0,177.0,0.0,0.0,0.0,15.5,1663.0,0.0,85.0,14.0,0.0,2.5,0.0,3036.5,0.0,0.0,-85.0,1818.0,1818.0,1818.0,0.0,123.0,0.0,0.0,177.0,0.0,14.0,14.0,55.0,0.0,1466.5,1466.5
1109,820.25,820.25,0.0,14.0,-5.0,1638.5,0.0,14.0,139.0,749.25,983.75,784.75,784.75,8.0,0.0,106.0,1.0,-106.0,111.0,749.25,749.25,0.0,13.0,899.75,0.0,0.0,28.0,0.0,0.0,0.0,0.0,0.0,0.0,0.0,983.75,983.75,983.75,0.0,52.0,-5.0,0.0,106.0,14.0,28.0,28.0,0.0,1638.5,776.75,776.75
1110,71.0,71.0,0.0,14.0,-5.0,140.0,2997.0,14.0,139.0,0.0,1733.0,1534.0,1534.0,8.0,0.0,106.0,1.0,-106.0,111.0,0.0,0.0,0.0,13.0,1649.0,0.0,0.0,28.0,0.0,0.0,0.0,2997.0,0.0,0.0,0.0,1733.0,1733.0,1733.0,0.0,52.0,-5.0,0.0,106.0,14.0,28.0,28.0,0.0,140.0,1526.0,1526.0
1116,3124.0,3124.0,0.0,0.0,-5.0,70.0,0.0,0.0,139.0,0.0,1733.0,1562.0,1562.0,8.0,0.0,92.0,1.0,-92.0,97.0,0.0,0.0,0.0,13.0,1663.0,0.0,0.0,14.0,0.0,0.0,0.0,0.0,0.0,0.0,0.0,1733.0,1733.0,1733.0,0.0,38.0,-5.0,0.0,92.0,0.0,14.0,14.0,3109.0,70.0,1554.0,1554.0
1119,802.75,802.75,0.0,0.0,-5.0,1617.5,0.0,0.0,139.0,773.75,959.25,788.25,788.25,8.0,0.0,92.0,1.0,-92.0,97.0,773.75,773.75,0.0,13.0,889.25,0.0,0.0,14.0,0.0,0.0,0.0,0.0,0.0,0.0,0.0,959.25,959.25,959.25,0.0,38.0,-5.0,0.0,92.0,0.0,14.0,14.0,14.0,1617.5,780.25,780.25
1120,29.0,29.0,0.0,0.0,-5.0,70.0,3095.0,0.0,139.0,0.0,1733.0,1562.0,1562.0,8.0,0.0,92.0,1.0,-92.0,97.0,0.0,0.0,0.0,13.0,1663.0,0.0,0.0,14.0,0.0,0.0,0.0,3095.0,0.0,0.0,0.0,1733.0,1733.0,1733.0,0.0,38.0,-5.0,0.0,92.0,0.0,14.0,14.0,14.0,70.0,1554.0,1554.0
1124,824.917,824.917,-2.667,22.0,-7.667,1639.833,0.0,22.0,139.0,737.917,995.083,774.75,774.75,0.0,0.0,114.0,1.0,-114.0,124.333,737.917,737.917,0.0,10.333,903.083,0.0,0.0,36.0,0.0,-2.667,0.0,0.0,0.0,0.0,0.0,995.083,995.083,995.083,0.0,60.0,-10.333,0.0,114.0,22.0,36.0,36.0,0.0,1639.833,774.75,774.75
1129,3019.0,3019.0,5.0,0.0,0.0,0.0,0.0,100.0,139.0,0.0,1833.0,1472.0,1472.0,23.0,-100.0,192.0,1.0,-192.0,187.0,0.0,0.0,0.0,18.0,1663.0,0.0,100.0,14.0,0.0,5.0,0.0,0.0,0.0,0.0,-100.0,1833.0,1833.0,1833.0,0.0,138.0,5.0,0.0,192.0,0.0,14.0,14.0,3074.0,0.0,1449.0,1449.0
1130,87.0,87.0,-2.667,22.0,-7.667,164.0,2951.667,22.0,139.0,0.0,1733.0,1512.667,1512.667,0.0,0.0,114.0,1.0,-114.0,124.333,0.0,0.0,0.0,10.333,1641.0,0.0,0.0,36.0,0.0,-2.667,0.0,2951.667,0.0,0.0,0.0,1733.0,1733.0,1733.0,0.0,60.0,-10.333,0.0,114.0,22.0,36.0,36.0,0.0,164.0,1512.667,1512.667
1132,797.417,797.417,-2.667,0.0,-7.667,1606.833,0.0,0.0,139.0,776.417,956.583,780.25,780.25,0.0,0.0,92.0,1.0,-92.0,102.333,776.417,776.417,0.0,10.333,886.583,0.0,0.0,14.0,0.0,-2.667,0.0,0.0,0.0,0.0,0.0,956.583,956.583,956.583,0.0,38.0,-10.333,0.0,92.0,0.0,14.0,14.0,22.0,1606.833,780.25,780.25
1135,21.0,21.0,-2.667,0.0,-7.667,54.0,3105.667,0.0,139.0,0.0,1733.0,1556.667,1556.667,0.0,0.0,92.0,1.0,-92.0,102.333,0.0,0.0,0.0,10.333,1663.0,0.0,0.0,14.0,0.0,-2.667,0.0,3105.667,0.0,0.0,0.0,1733.0,1733.0,1733.0,0.0,38.0,-10.333,0.0,92.0,0.0,14.0,14.0,22.0,54.0,1556.667,1556.667
1137,3126.667,3126.667,-2.667,0.0,-7.667,54.0,0.0,0.0,139.0,0.0,1733.0,1556.667,1556.667,0.0,0.0,92.0,1.0,-92.0,102.333,0.0,0.0,0.0,10.333,1663.0,0.0,0.0,14.0,0.0,-2.667,0.0,0.0,0.0,0.0,0.0,1733.0,1733.0,1733.0,0.0,38.0,-10.333,0.0,92.0,0.0,14.0,14.0,3127.667,54.0,1556.667,1556.667
1140,0.0,0.0,5.0,0.0,0.0,55.0,3074.0,45.0,139.0,0.0,1778.0,1527.0,1527.0,23.0,-45.0,137.0,1.0,-137.0,132.0,0.0,0.0,0.0,18.0,1663.0,0.0,45.0,14.0,0.0,5.0,0.0,3074.0,0.0,0.0,-45.0,1778.0,1778.0,1778.0,0.0,83.0,5.0,0.0,137.0,0.0,14.0,14.0,0.0,55.0,1504.0,1504.0
1143,0.0,0.0,5.0,0.0,0.0,0.0,3019.0,100.0,139.0,0.0,1833.0,1472.0,1472.0,23.0,-100.0,192.0,1.0,-192.0,187.0,0.0,0.0,0.0,18.0,1663.0,0.0,100.0,14.0,0.0,5.0,0.0,3019.0,0.0,0.0,-100.0,1833.0,1833.0,1833.0,0.0,138.0,5.0,0.0,192.0,0.0,14.0,14.0,55.0,0.0,1449.0,1449.0
1144,44.0,44.0,5.0,0.0,0.0,0.0,2975.0,100.0,139.0,0.0,1833.0,1472.0,1472.0,23.0,-100.0,192.0,1.0,-192.0,187.0,0.0,0.0,0.0,18.0,1663.0,0.0,100.0,14.0,0.0,5.0,0.0,2975.0,0.0,0.0,-100.0,1833.0,1833.0,1833.0,0.0,138.0,5.0,0.0,192.0,0.0,14.0,14.0,99.0,0.0,1449.0,1449.0
1201,2995.286,2995.286,496.714,0.0,491.714,3050.286,0.0,0.0,139.0,0.0,1825.0,2831.429,2831.429,1498.143,0.0,0.0,1.0,0.0,-988.429,0.0,0.0,0.0,509.714,1847.0,0.0,0.0,14.0,0.0,496.714,92.0,0.0,0.0,0.0,0.0,1825.0,1825.0,1825.0,0.0,38.0,988.429,0.0,0.0,0.0,14.0,14.0,0.0,3050.286,1333.286,1333.286
1202,3054.0,3054.0,0.0,0.0,-5.0,0.0,0.0,70.0,139.0,0.0,1803.0,1492.0,1492.0,8.0,-70.0,162.0,1.0,-162.0,167.0,0.0,0.0,0.0,13.0,1663.0,0.0,70.0,14.0,0.0,0.0,0.0,0.0,0.0,0.0,-70.0,1803.0,1803.0,1803.0,0.0,108.0,-5.0,0.0,162.0,0.0,14.0,14.0,3109.0,0.0,1484.0,1484.0
1205,0.0,0.0,0.0,0.0,-5.0,55.0,3109.0,15.0,139.0,0.0,1748.0,1547.0,1547.0,8.0,-15.0,107.0,1.0,-107.0,112.0,0.0,0.0,0.0,13.0,1663.0,0.0,15.0,14.0,0.0,0.0,0.0,3109.0,0.0,0.0,-15.0,1748.0,1748.0,1748.0,0.0,53.0,-5.0,0.0,107.0,0.0,14.0,14.0,0.0,55.0,1539.0,1539.0
1207,29.0,29.0,0.0,0.0,-5.0,0.0,3025.0,70.0,139.0,0.0,1803.0,1492.0,1492.0,8.0,-70.0,162.0,1.0,-162.0,167.0,0.0,0.0,0.0,13.0,1663.0,0.0,70.0,14.0,0.0,0.0,0.0,3025.0,0.0,0.0,-70.0,1803.0,1803.0,1803.0,0.0,108.0,-5.0,0.0,162.0,0.0,14.0,14.0,84.0,0.0,1484.0,1484.0
1216,0.0,0.0,0.0,0.0,-5.0,0.0,3054.0,70.0,139.0,0.0,1803.0,1492.0,1492.0,8.0,-70.0,162.0,1.0,-162.0,167.0,0.0,0.0,0.0,13.0,1663.0,0.0,70.0,14.0,0.0,0.0,0.0,3054.0,0.0,0.0,-70.0,1803.0,1803.0,1803.0,0.0,108.0,-5.0,0.0,162.0,0.0,14.0,14.0,55.0,0.0,1484.0,1484.0
1261,792.25,792.25,0.0,0.0,-5.0,1624.5,0.0,0.0,139.0,777.25,955.75,784.75,784.75,8.0,0.0,92.0,1.0,-92.0,97.0,777.25,777.25,0.0,13.0,885.75,0.0,0.0,14.0,0.0,0.0,0.0,0.0,0.0,0.0,0.0,955.75,955.75,955.75,0.0,38.0,-5.0,0.0,92.0,0.0,14.0,14.0,0.0,1624.5,776.75,776.75
1269,15.0,15.0,0.0,0.0,-5.0,70.0,3109.0,0.0,139.0,0.0,1733.0,1562.0,1562.0,8.0,0.0,92.0,1.0,-92.0,97.0,0.0,0.0,0.0,13.0,1663.0,0.0,0.0,14.0,0.0,0.0,0.0,3109.0,0.0,0.0,0.0,1733.0,1733.0,1733.0,0.0,38.0,-5.0,0.0,92.0,0.0,14.0,14.0,0.0,70.0,1554.0,1554.0
1273,0.0,0.0,-2.5,0.0,-7.5,55.0,3126.5,0.0,139.0,0.0,1733.0,1557.0,1557.0,0.5,0.0,92.0,1.0,-92.0,102.0,0.0,0.0,0.0,10.5,1663.0,0.0,0.0,14.0,0.0,-2.5,0.0,3126.5,0.0,0.0,0.0,1733.0,1733.0,1733.0,0.0,38.0,-10.0,0.0,92.0,0.0,14.0,14.0,0.0,55.0,1556.5,1556.5
1286,3487.0,3487.0,5.0,860.5,0.0,4402.5,0.0,860.5,139.0,0.0,2685.5,2708.5,2708.5,23.0,0.0,0.0,1.0,0.0,-5.0,0.0,0.0,0.0,18.0,2707.5,0.0,0.0,874.5,0.0,5.0,952.5,0.0,0.0,0.0,0.0,2685.5,2685.5,2685.5,0.0,898.5,5.0,0.0,0.0,860.5,874.5,874.5,0.0,4402.5,2685.5,2685.5
1289,3072.667,3072.667,-2.667,0.0,-7.667,0.0,0.0,54.0,139.0,0.0,1787.0,1502.667,1502.667,0.0,-54.0,146.0,1.0,-146.0,156.333,0.0,0.0,0.0,10.333,1663.0,0.0,54.0,14.0,0.0,-2.667,0.0,0.0,0.0,0.0,-54.0,1787.0,1787.0,1787.0,0.0,92.0,-10.333,0.0,146.0,0.0,14.0,14.0,3127.667,0.0,1502.667,1502.667
1295,0.0,0.0,-2.667,0.0,-7.667,0.0,3072.667,54.0,139.0,0.0,1787.0,1502.667,1502.667,0.0,-54.0,146.0,1.0,-146.0,156.333,0.0,0.0,0.0,10.333,1663.0,0.0,54.0,14.0,0.0,-2.667,0.0,3072.667,0.0,0.0,-54.0,1787.0,1787.0,1787.0,0.0,92.0,-10.333,0.0,146.0,0.0,14.0,14.0,55.0,0.0,1502.667,1502.667
1297,21.0,21.0,-2.667,0.0,-7.667,0.0,3051.667,54.0,139.0,0.0,1787.0,1502.667,1502.667,0.0,-54.0,146.0,1.0,-146.0,156.333,0.0,0.0,0.0,10.333,1663.0,0.0,54.0,14.0,0.0,-2.667,0.0,3051.667,0.0,0.0,-54.0,1787.0,1787.0,1787.0,0.0,92.0,-10.333,0.0,146.0,0.0,14.0,14.0,76.0,0.0,1502.667,1502.667
1306,3489.5,3489.5,2.5,864.875,-2.5,4409.375,0.0,864.875,139.0,0.0,2689.875,2707.875,2707.875,15.5,0.0,0.0,1.0,0.0,0.0,0.0,0.0,0.0,15.5,2711.875,0.0,0.0,878.875,0.0,2.5,956.875,0.0,0.0,0.0,0.0,2689.875,2689.875,2689.875,0.0,902.875,0.0,0.0,0.0,864.875,878.875,878.875,0.0,4409.375,2692.375,2692.375
1312,3744.5,3744.5,2.5,0.0,-2.5,0.0,0.0,85.0,139.0,0.0,1995.0,2013.0,2013.0,15.5,-85.0,0.0,1.0,0.0,0.0,0.0,0.0,0.0,15.5,2017.0,0.0,85.0,14.0,0.0,2.5,177.0,0.0,0.0,0.0,-85.0,1995.0,1995.0,1995.0,0.0,123.0,0.0,0.0,0.0,0.0,14.0,14.0,3799.5,0.0,1997.5,1997.5
1313,0.0,0.0,2.5,0.0,-2.5,55.0,3579.5,30.0,139.0,0.0,1885.0,1903.0,1903.0,15.5,-30.0,0.0,1.0,0.0,0.0,0.0,0.0,0.0,15.5,1907.0,0.0,30.0,14.0,0.0,2.5,122.0,3579.5,0.0,0.0,-30.0,1885.0,1885.0,1885.0,0.0,68.0,0.0,0.0,0.0,0.0,14.0,14.0,0.0,55.0,1887.5,1887.5
1314,3787.0,3787.0,5.0,0.0,0.0,0.0,0.0,100.0,139.0,0.0,2025.0,2048.0,2048.0,23.0,-100.0,0.0,1.0,0.0,-5.0,0.0,0.0,0.0,18.0,2047.0,0.0,100.0,14.0,0.0,5.0,192.0,0.0,0.0,0.0,-100.0,2025.0,2025.0,2025.0,0.0,138.0,5.0,0.0,0.0,0.0,14.0,14.0,3842.0,0.0,2025.0,2025.0
1316,905.5,905.5,5.0,0.0,0.0,1822.0,0.0,1.0,139.0,861.5,965.5,988.5,988.5,23.0,-1.0,0.0,1.0,0.0,-5.0,861.5,861.5,0.0,18.0,987.5,0.0,1.0,14.0,0.0,5.0,93.0,0.0,0.0,0.0,-1.0,965.5,965.5,965.5,0.0,39.0,5.0,0.0,0.0,0.0,14.0,14.0,0.0,1822.0,965.5,965.5
1319,36.5,36.5,2.5,0.0,-2.5,0.0,3708.0,85.0,139.0,0.0,1995.0,2013.0,2013.0,15.5,-85.0,0.0,1.0,0.0,0.0,0.0,0.0,0.0,15.5,2017.0,0.0,85.0,14.0,0.0,2.5,177.0,3708.0,0.0,0.0,-85.0,1995.0,1995.0,1995.0,0.0,123.0,0.0,0.0,0.0,0.0,14.0,14.0,91.5,0.0,1997.5,1997.5
1320,0.0,0.0,5.0,0.0,0.0,55.0,3622.0,45.0,139.0,0.0,1915.0,1938.0,1938.0,23.0,-45.0,0.0,1.0,0.0,-5.0,0.0,0.0,0.0,18.0,1937.0,0.0,45.0,14.0,0.0,5.0,137.0,3622.0,0.0,0.0,-45.0,1915.0,1915.0,1915.0,0.0,83.0,5.0,0.0,0.0,0.0,14.0,14.0,0.0,55.0,1915.0,1915.0
1321,44.0,44.0,5.0,0.0,0.0,99.0,3446.0,1.0,139.0,0.0,1827.0,1850.0,1850.0,23.0,-1.0,0.0,1.0,0.0,-5.0,0.0,0.0,0.0,18.0,1849.0,0.0,1.0,14.0,0.0,5.0,93.0,3446.0,0.0,0.0,-1.0,1827.0,1827.0,1827.0,0.0,39.0,5.0,0.0,0.0,0.0,14.0,14.0,0.0,99.0,1827.0,1827.0
1324,0.0,0.0,5.0,0.0,0.0,0.0,3787.0,100.0,139.0,0.0,2025.0,2048.0,2048.0,23.0,-100.0,0.0,1.0,0.0,-5.0,0.0,0.0,0.0,18.0,2047.0,0.0,100.0,14.0,0.0,5.0,192.0,3787.0,0.0,0.0,-100.0,2025.0,2025.0,2025.0,0.0,138.0,5.0,0.0,0.0,0.0,14.0,14.0,55.0,0.0,2025.0,2025.0
1325,44.0,44.0,5.0,0.0,0.0,0.0,3743.0,100.0,139.0,0.0,2025.0,2048.0,2048.0,23.0,-100.0,0.0,1.0,0.0,-5.0,0.0,0.0,0.0,18.0,2047.0,0.0,100.0,14.0,0.0,5.0,192.0,3743.0,0.0,0.0,-100.0,2025.0,2025.0,2025.0,0.0,138.0,5.0,0.0,0.0,0.0,14.0,14.0,99.0,0.0,2025.0,2025.0
1327,0.0,0.0,2.5,0.0,-2.5,0.0,3744.5,85.0,139.0,0.0,1995.0,2013.0,2013.0,15.5,-85.0,0.0,1.0,0.0,0.0,0.0,0.0,0.0,15.5,2017.0,0.0,85.0,14.0,0.0,2.5,177.0,3744.5,0.0,0.0,-85.0,1995.0,1995.0,1995.0,0.0,123.0,0.0,0.0,0.0,0.0,14.0,14.0,55.0,0.0,1997.5,1997.5
1344,3487.0,3487.0,5.0,0.0,0.0,100.0,0.0,0.0,139.0,0.0,1825.0,1848.0,1848.0,23.0,0.0,0.0,1.0,0.0,-5.0,0.0,0.0,0.0,18.0,1847.0,0.0,0.0,14.0,0.0,5.0,92.0,0.0,0.0,0.0,0.0,1825.0,1825.0,1825.0,0.0,38.0,5.0,0.0,0.0,0.0,14.0,14.0,3442.0,100.0,1825.0,1825.0
1348,45.0,45.0,5.0,0.0,0.0,100.0,3442.0,0.0,139.0,0.0,1825.0,1848.0,1848.0,23.0,0.0,0.0,1.0,0.0,-5.0,0.0,0.0,0.0,18.0,1847.0,0.0,0.0,14.0,0.0,5.0,92.0,3442.0,0.0,0.0,0.0,1825.0,1825.0,1825.0,0.0,38.0,5.0,0.0,0.0,0.0,14.0,14.0,0.0,100.0,1825.0,1825.0
1350,905.5,905.5,5.0,0.0,0.0,1821.0,0.0,0.0,139.0,860.5,964.5,987.5,987.5,23.0,0.0,0.0,1.0,0.0,-5.0,860.5,860.5,0.0,18.0,986.5,0.0,0.0,14.0,0.0,5.0,92.0,0.0,0.0,0.0,0.0,964.5,964.5,964.5,0.0,38.0,5.0,0.0,0.0,0.0,14.0,14.0,0.0,1821.0,964.5,964.5
1351,0.0,0.0,-2.667,0.25,-7.667,55.25,3125.667,0.25,139.0,0.0,1733.0,1556.167,1556.167,0.0,0.0,92.25,1.0,-92.25,102.583,0.0,0.0,0.0,10.333,1662.75,0.0,0.0,14.25,0.0,-2.667,0.0,3125.667,0.0,0.0,0.0,1733.0,1733.0,1733.0,0.0,38.25,-10.333,0.0,92.25,0.25,14.25,14.25,0.0,55.25,1556.167,1556.167
1352,43.0,43.0,4.667,0.0,-0.333,98.0,3444.333,0.0,139.0,0.0,1825.0,1847.333,1847.333,22.0,0.0,0.0,1.0,0.0,-4.333,0.0,0.0,0.0,17.667,1847.0,0.0,0.0,14.0,0.0,4.667,92.0,3444.333,0.0,0.0,0.0,1825.0,1825.0,1825.0,0.0,38.0,4.333,0.0,0.0,0.0,14.0,14.0,0.0,98.0,1825.333,1825.333
1357,904.083,904.083,4.667,0.0,-0.333,1820.167,0.0,0.0,139.0,861.083,963.917,986.25,986.25,22.0,0.0,0.0,1.0,0.0,-4.333,861.083,861.083,0.0,17.667,985.917,0.0,0.0,14.0,0.0,4.667,92.0,0.0,0.0,0.0,0.0,963.917,963.917,963.917,0.0,38.0,4.333,0.0,0.0,0.0,14.0,14.0,0.0,1820.167,964.25,964.25
1375,780.917,780.917,-2.667,0.0,-7.667,1617.833,0.0,0.0,139.0,781.917,951.083,774.75,774.75,0.0,0.0,92.0,1.0,-92.0,102.333,781.917,781.917,0.0,10.333,881.083,0.0,0.0,14.0,0.0,-2.667,0.0,0.0,0.0,0.0,0.0,951.083,951.083,951.083,0.0,38.0,-10.333,0.0,92.0,0.0,14.0,14.0,0.0,1617.833,774.75,774.75
1382,3492.0,3492.0,0.0,869.25,-5.0,4416.25,0.0,869.25,139.0,0.0,2694.25,2707.25,2707.25,8.0,0.0,0.0,1.0,0.0,5.0,0.0,0.0,0.0,13.0,2716.25,0.0,0.0,883.25,0.0,0.0,961.25,0.0,0.0,0.0,0.0,2694.25,2694.25,2694.25,0.0,907.25,-5.0,0.0,0.0,869.25,883.25,883.25,0.0,4416.25,2699.25,2699.25
1391,914.375,914.375,2.5,6.5,-2.5,1834.25,0.0,6.5,139.0,858.375,973.125,991.125,991.125,15.5,0.0,0.0,1.0,0.0,0.0,858.375,858.375,0.0,15.5,995.125,0.0,0.0,20.5,0.0,2.5,98.5,0.0,0.0,0.0,0.0,973.125,973.125,973.125,0.0,44.5,0.0,0.0,0.0,6.5,20.5,20.5,0.0,1834.25,975.625,975.625
1392,56.0,56.0,2.5,6.5,-2.5,117.5,3433.5,6.5,139.0,0.0,1831.5,1849.5,1849.5,15.5,0.0,0.0,1.0,0.0,0.0,0.0,0.0,0.0,15.5,1853.5,0.0,0.0,20.5,0.0,2.5,98.5,3433.5,0.0,0.0,0.0,1831.5,1831.5,1831.5,0.0,44.5,0.0,0.0,0.0,6.5,20.5,20.5,0.0,117.5,1834.0,1834.0
1398,0.0,0.0,-2.667,0.0,-7.667,56.0,3123.667,0.0,139.0,1.0,1732.0,1555.667,1555.667,0.0,0.0,92.0,1.0,-92.0,102.333,1.0,1.0,0.0,10.333,1662.0,0.0,0.0,14.0,0.0,-2.667,0.0,3123.667,0.0,0.0,0.0,1732.0,1732.0,1732.0,0.0,38.0,-10.333,0.0,92.0,0.0,14.0,14.0,0.0,56.0,1555.667,1555.667
1400,0.0,0.0,-2.667,0.0,-7.667,54.0,3126.667,0.0,139.0,0.0,1733.0,1556.667,1556.667,0.0,0.0,92.0,1.0,-92.0,102.333,0.0,0.0,0.0,10.333,1663.0,0.0,0.0,14.0,0.0,-2.667,0.0,3126.667,0.0,0.0,0.0,1733.0,1733.0,1733.0,0.0,38.0,-10.333,0.0,92.0,0.0,14.0,14.0,1.0,54.0,1556.667,1556.667
1404,3494.667,3494.667,-2.667,873.917,-7.667,4423.583,0.0,873.917,139.0,0.0,2698.917,2706.583,2706.583,0.0,0.0,0.0,1.0,0.0,10.333,0.0,0.0,0.0,10.333,2720.917,0.0,0.0,887.917,0.0,-2.667,965.917,0.0,0.0,0.0,0.0,2698.917,2698.917,2698.917,0.0,911.917,-10.333,0.0,0.0,873.917,887.917,887.917,0.0,4423.583,2706.583,2706.583
1436,3702.0,3702.0,0.0,0.0,-5.0,0.0,0.0,70.0,139.0,0.0,1965.0,1978.0,1978.0,8.0,-70.0,0.0,1.0,0.0,5.0,0.0,0.0,0.0,13.0,1987.0,0.0,70.0,14.0,0.0,0.0,162.0,0.0,0.0,0.0,-70.0,1965.0,1965.0,1965.0,0.0,108.0,-5.0,0.0,0.0,0.0,14.0,14.0,3757.0,0.0,1970.0,1970.0
1438,3489.5,3489.5,2.5,0.0,-2.5,85.0,0.0,0.0,139.0,0.0,1825.0,1843.0,1843.0,15.5,0.0,0.0,1.0,0.0,0.0,0.0,0.0,0.0,15.5,1847.0,0.0,0.0,14.0,0.0,2.5,92.0,0.0,0.0,0.0,0.0,1825.0,1825.0,1825.0,0.0,38.0,0.0,0.0,0.0,0.0,14.0,14.0,3459.5,85.0,1827.5,1827.5
1444,0.0,0.0,0.0,0.0,-5.0,0.0,3702.0,70.0,139.0,0.0,1965.0,1978.0,1978.0,8.0,-70.0,0.0,1.0,0.0,5.0,0.0,0.0,0.0,13.0,1987.0,0.0,70.0,14.0,0.0,0.0,162.0,3702.0,0.0,0.0,-70.0,1965.0,1965.0,1965.0,0.0,108.0,-5.0,0.0,0.0,0.0,14.0,14.0,55.0,0.0,1970.0,1970.0
1445,29.0,29.0,0.0,0.0,-5.0,0.0,3673.0,70.0,139.0,0.0,1965.0,1978.0,1978.0,8.0,-70.0,0.0,1.0,0.0,5.0,0.0,0.0,0.0,13.0,1987.0,0.0,70.0,14.0,0.0,0.0,162.0,3673.0,0.0,0.0,-70.0,1965.0,1965.0,1965.0,0.0,108.0,-5.0,0.0,0.0,0.0,14.0,14.0,84.0,0.0,1970.0,1970.0
1447,0.0,0.0,0.0,0.0,-5.0,55.0,3537.0,15.0,139.0,0.0,1855.0,1868.0,1868.0,8.0,-15.0,0.0,1.0,0.0,5.0,0.0,0.0,0.0,13.0,1877.0,0.0,15.0,14.0,0.0,0.0,107.0,3537.0,0.0,0.0,-15.0,1855.0,1855.0,1855.0,0.0,53.0,-5.0,0.0,0.0,0.0,14.0,14.0,0.0,55.0,1860.0,1860.0
1456,894.875,894.875,2.5,0.0,-2.5,1814.75,0.0,0.0,139.0,864.875,960.125,978.125,978.125,15.5,0.0,0.0,1.0,0.0,0.0,864.875,864.875,0.0,15.5,982.125,0.0,0.0,14.0,0.0,2.5,92.0,0.0,0.0,0.0,0.0,960.125,960.125,960.125,0.0,38.0,0.0,0.0,0.0,0.0,14.0,14.0,0.0,1814.75,962.625,962.625
1457,899.75,899.75,2.5,0.0,-2.5,1811.5,0.0,0.0,139.0,863.25,961.75,979.75,979.75,15.5,0.0,0.0,1.0,0.0,0.0,863.25,863.25,0.0,15.5,983.75,0.0,0.0,14.0,0.0,2.5,92.0,0.0,0.0,0.0,0.0,961.75,961.75,961.75,0.0,38.0,0.0,0.0,0.0,0.0,14.0,14.0,6.5,1811.5,964.25,964.25
1462,30.0,30.0,2.5,0.0,-2.5,85.0,3459.5,0.0,139.0,0.0,1825.0,1843.0,1843.0,15.5,0.0,0.0,1.0,0.0,0.0,0.0,0.0,0.0,15.5,1847.0,0.0,0.0,14.0,0.0,2.5,92.0,3459.5,0.0,0.0,0.0,1825.0,1825.0,1825.0,0.0,38.0,0.0,0.0,0.0,0.0,14.0,14.0,0.0,85.0,1827.5,1827.5
1464,36.5,36.5,2.5,0.0,-2.5,85.0,3453.0,0.0,139.0,0.0,1825.0,1843.0,1843.0,15.5,0.0,0.0,1.0,0.0,0.0,0.0,0.0,0.0,15.5,1847.0,0.0,0.0,14.0,0.0,2.5,92.0,3453.0,0.0,0.0,0.0,1825.0,1825.0,1825.0,0.0,38.0,0.0,0.0,0.0,0.0,14.0,14.0,6.5,85.0,1827.5,1827.5
1466,3656.667,3656.667,-2.667,0.0,-7.667,0.0,0.0,54.0,139.0,0.0,1933.0,1940.667,1940.667,0.0,-54.0,0.0,1.0,0.0,10.333,0.0,0.0,0.0,10.333,1955.0,0.0,54.0,14.0,0.0,-2.667,146.0,0.0,0.0,0.0,-54.0,1933.0,1933.0,1933.0,0.0,92.0,-10.333,0.0,0.0,0.0,14.0,14.0,3711.667,0.0,1940.667,1940.667
1473,0.0,0.0,-2.667,0.0,-7.667,0.0,3656.667,54.0,139.0,0.0,1933.0,1940.667,1940.667,0.0,-54.0,0.0,1.0,0.0,10.333,0.0,0.0,0.0,10.333,1955.0,0.0,54.0,14.0,0.0,-2.667,146.0,3656.667,0.0,0.0,-54.0,1933.0,1933.0,1933.0,0.0,92.0,-10.333,0.0,0.0,0.0,14.0,14.0,55.0,0.0,1940.667,1940.667
1474,21.0,21.0,-2.667,0.0,-7.667,0.0,3635.667,54.0,139.0,0.0,1933.0,1940.667,1940.667,0.0,-54.0,0.0,1.0,0.0,10.333,0.0,0.0,0.0,10.333,1955.0,0.0,54.0,14.0,0.0,-2.667,146.0,3635.667,0.0,0.0,-54.0,1933.0,1933.0,1933.0,0.0,92.0,-10.333,0.0,0.0,0.0,14.0,14.0,76.0,0.0,1940.667,1940.667
1475,71.0,71.0,0.0,14.0,-5.0,140.0,3421.0,14.0,139.0,0.0,1839.0,1852.0,1852.0,8.0,0.0,0.0,1.0,0.0,5.0,0.0,0.0,0.0,13.0,1861.0,0.0,0.0,28.0,0.0,0.0,106.0,3421.0,0.0,0.0,0.0,1839.0,1839.0,1839.0,0.0,52.0,-5.0,0.0,0.0,14.0,28.0,28.0,0.0,140.0,1844.0,1844.0
1477,926.25,926.25,0.0,14.0,-5.0,1850.5,0.0,14.0,139.0,855.25,983.75,996.75,996.75,8.0,0.0,0.0,1.0,0.0,5.0,855.25,855.25,0.0,13.0,1005.75,0.0,0.0,28.0,0.0,0.0,106.0,0.0,0.0,0.0,0.0,983.75,983.75,983.75,0.0,52.0,-5.0,0.0,0.0,14.0,28.0,28.0,0.0,1850.5,988.75,988.75
1485,3492.0,3492.0,0.0,0.0,-5.0,70.0,0.0,0.0,139.0,0.0,1825.0,1838.0,1838.0,8.0,0.0,0.0,1.0,0.0,5.0,0.0,0.0,0.0,13.0,1847.0,0.0,0.0,14.0,0.0,0.0,92.0,0.0,0.0,0.0,0.0,1825.0,1825.0,1825.0,0.0,38.0,-5.0,0.0,0.0,0.0,14.0,14.0,3477.0,70.0,1830.0,1830.0
1497,938.917,938.917,-2.667,22.0,-7.667,1867.833,0.0,22.0,139.0,851.917,995.083,1002.75,1002.75,0.0,0.0,0.0,1.0,0.0,10.333,851.917,851.917,0.0,10.333,1017.083,0.0,0.0,36.0,0.0,-2.667,114.0,0.0,0.0,0.0,0.0,995.083,995.083,995.083,0.0,60.0,-10.333,0.0,0.0,22.0,36.0,36.0,0.0,1867.833,1002.75,1002.75
1501,0.0,0.0,-2.667,0.25,-7.667,55.25,3494.667,0.25,139.0,0.0,1825.25,1832.917,1832.917,0.0,0.0,0.0,1.0,0.0,10.333,0.0,0.0,0.0,10.333,1847.25,0.0,0.0,14.25,0.0,-2.667,92.25,3494.667,0.0,0.0,0.0,1825.25,1825.25,1825.25,0.0,38.25,-10.333,0.0,0.0,0.25,14.25,14.25,0.0,55.25,1832.917,1832.917
1502,87.0,87.0,-2.667,22.0,-7.667,164.0,3407.667,22.0,139.0,0.0,1847.0,1854.667,1854.667,0.0,0.0,0.0,1.0,0.0,10.333,0.0,0.0,0.0,10.333,1869.0,0.0,0.0,36.0,0.0,-2.667,114.0,3407.667,0.0,0.0,0.0,1847.0,1847.0,1847.0,0.0,60.0,-10.333,0.0,0.0,22.0,36.0,36.0,0.0,164.0,1854.667,1854.667
1508,3494.667,3494.667,-2.667,0.0,-7.667,54.0,0.0,0.0,139.0,0.0,1825.0,1832.667,1832.667,0.0,0.0,0.0,1.0,0.0,10.333,0.0,0.0,0.0,10.333,1847.0,0.0,0.0,14.0,0.0,-2.667,92.0,0.0,0.0,0.0,0.0,1825.0,1825.0,1825.0,0.0,38.0,-10.333,0.0,0.0,0.0,14.0,14.0,3495.667,54.0,1832.667,1832.667
1509,894.75,894.75,0.0,0.0,-5.0,1801.5,0.0,0.0,139.0,865.75,959.25,972.25,972.25,8.0,0.0,0.0,1.0,0.0,5.0,865.75,865.75,0.0,13.0,981.25,0.0,0.0,14.0,0.0,0.0,92.0,0.0,0.0,0.0,0.0,959.25,959.25,959.25,0.0,38.0,-5.0,0.0,0.0,0.0,14.0,14.0,14.0,1801.5,964.25,964.25
1512,884.25,884.25,0.0,0.0,-5.0,1808.5,0.0,0.0,139.0,869.25,955.75,968.75,968.75,8.0,0.0,0.0,1.0,0.0,5.0,869.25,869.25,0.0,13.0,977.75,0.0,0.0,14.0,0.0,0.0,92.0,0.0,0.0,0.0,0.0,955.75,955.75,955.75,0.0,38.0,-5.0,0.0,0.0,0.0,14.0,14.0,0.0,1808.5,960.75,960.75
1513,29.0,29.0,0.0,0.0,-5.0,70.0,3463.0,0.0,139.0,0.0,1825.0,1838.0,1838.0,8.0,0.0,0.0,1.0,0.0,5.0,0.0,0.0,0.0,13.0,1847.0,0.0,0.0,14.0,0.0,0.0,92.0,3463.0,0.0,0.0,0.0,1825.0,1825.0,1825.0,0.0,38.0,-5.0,0.0,0.0,0.0,14.0,14.0,14.0,70.0,1830.0,1830.0
1515,0.0,0.0,-2.5,0.0,-7.5,55.0,3494.5,0.0,139.0,0.0,1825.0,1833.0,1833.0,0.5,0.0,0.0,1.0,0.0,10.0,0.0,0.0,0.0,10.5,1847.0,0.0,0.0,14.0,0.0,-2.5,92.0,3494.5,0.0,0.0,0.0,1825.0,1825.0,1825.0,0.0,38.0,-10.0,0.0,0.0,0.0,14.0,14.0,0.0,55.0,1832.5,1832.5
1518,15.0,15.0,0.0,0.0,-5.0,70.0,3477.0,0.0,139.0,0.0,1825.0,1838.0,1838.0,8.0,0.0,0.0,1.0,0.0,5.0,0.0,0.0,0.0,13.0,1847.0,0.0,0.0,14.0,0.0,0.0,92.0,3477.0,0.0,0.0,0.0,1825.0,1825.0,1825.0,0.0,38.0,-5.0,0.0,0.0,0.0,14.0,14.0,0.0,70.0,1830.0,1830.0
1534,889.417,889.417,-2.667,0.0,-7.667,1790.833,0.0,0.0,139.0,868.417,956.583,964.25,964.25,0.0,0.0,0.0,1.0,0.0,10.333,868.417,868.417,0.0,10.333,978.583,0.0,0.0,14.0,0.0,-2.667,92.0,0.0,0.0,0.0,0.0,956.583,956.583,956.583,0.0,38.0,-10.333,0.0,0.0,0.0,14.0,14.0,22.0,1790.833,964.25,964.25
1536,872.917,872.917,-2.667,0.0,-7.667,1801.833,0.0,0.0,139.0,873.917,951.083,958.75,958.75,0.0,0.0,0.0,1.0,0.0,10.333,873.917,873.917,0.0,10.333,973.083,0.0,0.0,14.0,0.0,-2.667,92.0,0.0,0.0,0.0,0.0,951.083,951.083,951.083,0.0,38.0,-10.333,0.0,0.0,0.0,14.0,14.0,0.0,1801.833,958.75,958.75
1539,0.0,0.0,-2.667,0.0,-7.667,56.0,3491.667,0.0,139.0,1.0,1824.0,1831.667,1831.667,0.0,0.0,0.0,1.0,0.0,10.333,1.0,1.0,0.0,10.333,1846.0,0.0,0.0,14.0,0.0,-2.667,92.0,3491.667,0.0,0.0,0.0,1824.0,1824.0,1824.0,0.0,38.0,-10.333,0.0,0.0,0.0,14.0,14.0,0.0,56.0,1831.667,1831.667
1540,0.0,0.0,-2.667,0.0,-7.667,54.0,3494.667,0.0,139.0,0.0,1825.0,1832.667,1832.667,0.0,0.0,0.0,1.0,0.0,10.333,0.0,0.0,0.0,10.333,1847.0,0.0,0.0,14.0,0.0,-2.667,92.0,3494.667,0.0,0.0,0.0,1825.0,1825.0,1825.0,0.0,38.0,-10.333,0.0,0.0,0.0,14.0,14.0,1.0,54.0,1832.667,1832.667
1541,21.0,21.0,-2.667,0.0,-7.667,54.0,3473.667,0.0,139.0,0.0,1825.0,1832.667,1832.667,0.0,0.0,0.0,1.0,0.0,10.333,0.0,0.0,0.0,10.333,1847.0,0.0,0.0,14.0,0.0,-2.667,92.0,3473.667,0.0,0.0,0.0,1825.0,1825.0,1825.0,0.0,38.0,-10.333,0.0,0.0,0.0,14.0,14.0,22.0,54.0,1832.667,1832.667
1559,1056.667,1056.667,2.5,256.667,-2.5,1368.333,0.0,256.667,139.0,0.0,1733.0,15.5,15.5,15.5,0.0,867.75,1.0,-867.75,867.75,0.0,0.0,0.0,15.5,887.25,0.0,0.0,270.667,519.083,2.5,0.0,0.0,0.0,0.0,0.0,1733.0,1733.0,1733.0,0.0,294.667,0.0,0.0,867.75,256.667,270.667,270.667,0.0,1368.333,0.0,0.0
9999,0.0,0.0,15.761,44.271,10.761,0.0,0.0,0.0,139.0,126.917,313.864,75.608,75.608,55.283,44.271,141.389,1.0,-141.389,114.867,126.917,126.917,0.0,28.761,194.475,44.271,0.0,58.271,49.389,15.761,0.0,0.0,639.757,66.765,44.271,313.864,313.864,313.864,0.0,47.073,26.522,9.073,141.389,44.271,58.271,58.271,226.189,0.0,20.324,20.324
