r91,acetate,-1.
r55b,acetate,1.
r91,acetateExt,1.
r54ra,acetylcoa,-1.
r55a,acetylcoa,-1.
r22,acetylcoa,-1.
r21,acetylcoa,1.
r20,acetylcoa,1.
r54ra,acald,1.
r54rb,acald,-1.
r55a,acetylp,1.
r55b,acetylp,-1.
r26r,adp,-1.
r3,adp,1.
r55b,adp,-1.
r27,adp,-1.
r9,adp,-1.
rr9,adp,2.
r80,adp,-2.
r82,adp,1.
r7rb,adp,-1.
r42,adp,1.
r25,akg,-1.
r24,akg,1.
r26r,atp,1.
r3,atp,-1.
r55b,atp,1.
r27,atp,1.
r9,atp,1.
rr9,atp,-2.
r80,atp,2.
r82,atp,-1.
r7rb,atp,1.
r42,atp,-1.
r82,ATPmain,1.
r23r,citrate,-1.
r22,citrate,1.
r10c,co2,1.
r97r,co2,-1.
r41,co2,1.
r40,co2,-1.
r42,co2,1.
r25,co2,1.
r24,co2,1.
r21,co2,1.
r97r,co2Ext,1.
r54ra,coash,1.
r26r,coash,1.
r55a,coash,1.
r25,coash,-1.
r22,coash,1.
r21,coash,-1.
r20,coash,-1.
r6r,dhap,1.
r5r,dhap,1.
r15r,eryth4p,-1.
r14r,eryth4p,1.
r54rb,etoh,1.
r90,etoh,-1.
r90,ethanolExt,1.
r96,formate,-1.
r20,formate,1.
r96,formateExt,1.
r15r,fru6p,1.
r3,fru6p,-1.
r2r,fru6p,1.
r4,fru6p,1.
r14r,fru6p,1.
r3,frubisp,1.
r4,frubisp,-1.
r5r,frubisp,-1.
r28r,fumarate,-1.
r27,fumarate,1.
r27b,fumarate,-1.
r7ra,dpg,1.
r7rb,dpg,-1.
r7rb,pg3,1.
r7rc,pg3,-1.
r13r,ga3p,1.
r15r,ga3p,1.
r6r,ga3p,-1.
r14r,ga3p,-1.
r7ra,ga3p,-1.
r5r,ga3p,1.
r61r,ga3p,1.
r10a,glu6p,-1.
r2r,glu6p,-1.
r1,glu6p,1.
r10a,glulac6p,1.
r10b,glulac6p,-1.
r10b,gluco6p,1.
r10c,gluco6p,-1.
r60,gluco6p,-1.
r60,kdpg,1.
r61r,kdpg,-1.
r1,glucoseExt,-1.
r23r,isocit,1.
r24,isocit,-1.
r94,lactate,-1.
r53r,lactate,1.
r94,lactateExt,1.
r28r,malate,1.
r29r,malate,-1.
r41,malate,-1.
r54ra,nad,1.
r54rb,nad,1.
r10a,nad,-1.
r10c,nad,-1.
r27b,nad,1.
r53r,nad,1.
r80,nad,1.
r29r,nad,-1.
r7ra,nad,-1.
r41,nad,-1.
r25,nad,-1.
r24,nad,-1.
r21,nad,-1.
r54ra,nadh,-1.
r54rb,nadh,-1.
r10a,nadh,1.
r10c,nadh,1.
r27b,nadh,-1.
r53r,nadh,-1.
r80,nadh,-1.
r29r,nadh,1.
r7ra,nadh,1.
r41,nadh,1.
r25,nadh,1.
r24,nadh,1.
r21,nadh,1.
r93,nh3,1.
r93,nh3Ext,-1.
r29r,oxalo,1.
r40,oxalo,1.
r42,oxalo,-1.
r22,oxalo,-1.
r27,oxygen,-1.
r80,oxygen,-1.
r8r,pep,1.
r1,pep,-1.
r9,pep,-1.
rr9,pep,1.
r40,pep,-1.
r42,pep,1.
r8r,pg,-1.
r7rc,pg,1.
r1,pyr,1.
r9,pyr,1.
rr9,pyr,-1.
r53r,pyr,-1.
r41,pyr,1.
r21,pyr,-1.
r20,pyr,-1.
r61r,pyr,1.
r13r,ribose5p,-1.
r12r,ribose5p,1.
r10c,ribulose5p,1.
r12r,ribulose5p,-1.
r11r,ribulose5p,-1.
r13r,sed7p,1.
r14r,sed7p,-1.
r26r,succ,1.
r95,succ,-1.
r27,succ,-1.
r27b,succ,1.
r26r,succcoa,-1.
r25,succcoa,1.
r95,succinateExt,1.
r13r,xyl5p,-1.
r15r,xyl5p,-1.
r11r,xyl5p,1.