efm,R54ra,R54rb,R13r,R26r,R15r,R96,R94,R95,R93,R90,R91,R8r,R10a,R10b,R10c,R28r,R3,R70,R6r,R97r,R2r,R55a,R55b,R4,R12r,R1,R27,R27b,R23r,R9,R14r,RR9,R53r,R80,R82,R29r,R7ra,R7rb,R7rc,R41,R40,R11r,R42,R5r,R25,R24,R22,R21,R20,R60,R61r
100,0.0,0.0,0.0,0.0,0.449,0.645,45.03,0.268,1.548,0.0,0.0,26.688,21.324,21.118,0.075,0.259,0.0,0.213,0.045,0.0,0.0,0.0,0.0,0.286,0.076,23.906,0.0,0.43,0.729,0.0,0.0,31.325,75.175,0.0,0.0,0.17,78.846,31.442,61.726,0.0,1.042,0.142,0.0,0.086,0.0,0.433,0.393,0.0,0.927,16.866,183.434
105,205.199,12.259,0.0,0.0,0.866,0.0,38.199,0.9,1.548,0.0,0.0,42.397,36.481,42.082,0.08,0.795,0.0,0.182,0.067,0.0,0.0,0.0,0.0,0.343,0.111,30.783,0.0,0.623,0.655,0.0,0.0,32.017,31.41,0.0,0.0,0.326,207.789,87.736,85.047,0.0,2.344,0.172,0.0,0.134,0.0,0.608,0.343,41.956,0.0,28.899,533.724
106,0.0,0.0,0.0,0.0,0.588,0.0,45.635,1.269,1.548,0.0,0.0,29.23,22.821,22.744,0.075,1.231,0.0,0.207,0.053,0.0,0.0,0.0,0.0,0.306,0.087,25.248,0.0,2.294,0.951,0.0,0.0,34.753,68.622,0.0,0.0,0.82,102.844,35.252,66.774,0.0,2.254,0.154,0.0,0.104,0.0,0.546,0.671,7.516,0.0,18.072,232.229
107,11203.002,131.779,0.0,34.282,0.242,69.289,0.0,23.233,1.548,0.0,0.0,108.222,104.285,107.632,0.203,0.0,0.0,0.166,0.025,0.0,0.0,0.0,0.0,0.239,0.181,53.836,0.0,0.0,68.66,0.0,0.0,189.445,0.0,0.0,0.0,0.0,463.56,319.243,184.425,0.0,38.594,0.109,0.0,0.046,28.5,229.508,35.492,0.0,313.424,67.33,1560.441
113,2951.552,32.45,0.0,0.71,0.261,29.094,0.0,0.423,1.548,0.0,9.238,33.588,40.978,42.286,0.216,0.0,0.0,0.173,0.026,0.0,0.0,11.823,19.176,0.241,0.192,21.113,0.0,0.0,1.988,0.0,0.0,30.996,0.0,0.0,0.0,0.0,178.668,116.228,58.985,0.0,2.145,0.111,0.0,0.049,0.536,6.008,1.562,0.0,132.668,26.116,558.844
114,272.598,7.208,0.0,0.527,0.279,3.071,36.182,0.359,1.548,0.0,0.0,40.12,35.513,39.65,0.094,0.0,0.0,0.162,0.031,0.0,0.0,0.0,0.0,0.253,0.083,29.234,0.0,0.0,1.388,0.0,0.0,38.15,38.005,0.0,0.0,0.0,105.282,70.498,80.145,0.0,1.451,0.121,0.0,0.059,0.445,2.052,0.891,0.0,43.865,27.178,316.171
126,13076.485,268.411,0.0,0.0,3.011,0.0,0.0,0.789,1.548,0.0,0.0,80.145,118.494,138.774,0.138,0.682,0.0,0.364,0.159,0.0,0.0,0.0,0.0,0.606,0.257,52.156,0.0,0.473,0.763,0.0,0.0,56.906,0.0,0.0,0.0,0.129,1633.33,816.159,135.885,0.0,3.061,0.266,0.0,0.334,0.0,1.214,0.576,619.183,0.0,82.624,4439.985
136,13026.813,267.199,1.102,0.0,4.78,0.0,0.0,0.608,1.548,0.0,0.0,78.985,117.591,137.734,0.0,0.526,0.0,0.545,0.429,0.0,0.0,0.0,0.0,1.848,0.571,51.685,0.0,0.365,0.752,0.0,0.986,55.261,0.0,0.0,0.0,0.091,1621.473,810.578,134.039,0.0,2.623,0.846,0.0,0.964,0.0,1.179,0.553,616.497,0.0,82.132,4421.086
137,164.401,10.491,0.303,0.0,1.294,0.0,38.281,0.697,1.548,0.0,0.0,40.902,34.987,40.068,0.0,0.617,0.0,0.256,0.176,0.0,0.0,0.0,0.0,0.864,0.233,30.157,0.0,0.489,0.649,0.0,0.398,30.666,31.975,0.0,0.0,0.255,190.828,80.832,82.699,0.0,1.988,0.447,0.0,0.376,0.0,0.588,0.332,37.845,0.0,27.77,492.865
140,0.0,0.0,0.219,0.0,0.927,0.0,45.631,0.982,1.548,0.0,0.0,28.643,22.601,22.508,0.0,0.953,0.0,0.271,0.143,0.0,0.0,0.0,0.0,0.753,0.19,25.028,0.0,1.805,0.946,0.0,0.33,32.936,69.415,0.0,0.0,0.637,100.943,34.385,65.663,0.0,1.935,0.392,0.0,0.297,0.0,0.541,0.664,7.57,0.0,17.93,230.255
151,11314.185,133.197,0.104,34.79,0.407,70.017,0.0,23.582,1.548,0.0,0.0,109.358,105.338,108.728,0.0,0.0,0.0,0.145,0.073,0.0,0.0,0.0,0.0,0.548,0.132,54.398,0.0,0.0,69.614,0.0,0.241,192.517,0.0,0.0,0.0,0.0,468.205,322.498,186.288,0.0,39.141,0.318,0.0,0.14,28.888,232.582,36.002,0.0,316.564,68.244,1578.355
186,3018.443,33.381,0.111,1.024,0.436,29.596,0.0,0.629,1.548,0.0,9.296,34.484,41.675,43.039,0.0,0.0,0.0,0.148,0.077,0.0,0.0,11.917,19.339,0.559,0.136,21.53,0.0,0.0,2.629,0.0,0.247,33.309,0.0,0.0,0.0,0.0,181.368,118.279,60.383,0.0,2.529,0.323,0.0,0.149,0.81,8.241,1.914,0.0,134.633,26.832,571.002
187,327.155,8.205,0.113,0.784,0.448,3.523,36.257,0.545,1.548,0.0,0.0,41.768,37.263,41.654,0.0,0.0,0.0,0.197,0.079,0.0,0.0,0.0,0.0,0.564,0.137,30.009,0.0,0.0,1.815,0.0,0.249,41.507,37.623,0.0,0.0,0.0,110.799,75.211,82.653,0.0,1.778,0.325,0.0,0.153,0.673,2.812,1.213,0.0,47.685,28.425,338.171
196,0.0,0.0,0.171,0.016,0.707,0.649,45.079,0.011,1.548,0.0,0.0,26.163,21.14,20.924,0.0,0.0,0.0,0.266,0.115,0.0,0.0,0.0,0.0,0.664,0.168,23.719,0.0,0.0,0.744,0.0,0.295,29.462,76.213,0.0,0.0,0.0,76.985,30.684,60.732,0.0,0.753,0.364,0.0,0.232,0.003,0.448,0.404,0.0,0.956,16.753,181.072
202,12442.851,253.937,1.106,0.0,4.798,0.579,0.0,0.0,1.548,0.0,0.0,72.265,110.158,129.159,0.0,0.0,0.0,0.535,0.43,0.0,0.0,0.0,0.0,1.853,0.572,48.17,0.0,0.0,0.692,0.0,0.989,46.124,0.0,0.0,0.0,0.0,1539.746,770.179,123.603,0.0,1.135,0.848,0.0,0.966,0.0,0.991,0.433,583.441,0.093,77.064,4185.119
204,12319.546,251.223,0.0,0.0,3.025,0.75,0.0,0.0,1.548,0.0,0.0,71.462,108.889,127.688,0.138,0.0,0.0,0.351,0.16,0.0,0.0,0.0,0.0,0.608,0.258,47.616,0.0,0.0,0.692,0.0,0.0,45.093,0.0,0.0,0.0,0.0,1527.365,763.775,122.391,0.0,1.13,0.266,0.0,0.335,0.0,0.989,0.431,576.338,0.121,76.072,4134.144
208,2987.528,43.459,0.337,0.0,1.445,24.166,0.0,0.0,1.548,0.0,9.301,30.82,35.594,42.201,0.0,0.0,0.0,0.279,0.189,0.0,0.0,11.521,18.566,0.907,0.25,20.276,0.0,0.0,0.68,0.0,0.425,23.84,0.0,0.0,0.0,0.0,257.7,139.351,55.067,0.0,1.142,0.468,0.0,0.405,0.0,0.958,0.411,47.572,44.855,26.259,740.684
212,140.174,8.141,0.234,0.0,0.993,0.832,36.991,0.0,1.548,0.0,0.0,36.268,30.991,34.821,0.0,0.0,0.0,0.235,0.149,0.0,0.0,0.0,0.0,0.774,0.197,27.822,0.0,0.0,0.61,0.0,0.342,24.675,32.77,0.0,0.0,0.0,141.929,64.953,74.835,0.0,0.835,0.402,0.0,0.313,0.0,0.525,0.274,23.879,3.619,24.541,371.313
213,0.0,0.0,0.172,0.0,0.713,0.625,45.059,0.0,1.548,0.0,0.0,26.149,21.133,20.915,0.0,0.0,0.0,0.274,0.116,0.0,0.0,0.0,0.0,0.666,0.168,23.708,0.0,0.0,0.745,0.0,0.296,29.191,76.033,0.0,0.0,0.0,77.379,30.669,60.709,0.0,0.754,0.365,0.0,0.234,0.0,0.442,0.414,0.231,0.862,16.748,181.753
214,2956.32,41.065,0.0,0.0,0.788,24.698,0.0,0.0,1.548,0.0,9.201,30.565,35.057,41.194,0.135,0.0,0.0,0.217,0.06,0.0,0.0,11.415,18.407,0.321,0.156,20.049,0.0,0.0,0.684,0.0,0.0,23.381,0.0,0.0,0.0,0.0,240.31,132.9,54.714,0.0,1.149,0.16,0.0,0.117,0.0,0.99,0.42,39.813,53.878,25.56,692.144
216,0.0,0.0,0.171,0.0,0.707,0.658,45.039,0.0,1.548,0.0,0.012,26.141,21.128,20.912,0.0,0.0,0.0,0.273,0.115,0.0,0.0,0.031,0.046,0.664,0.168,23.705,0.0,0.0,0.729,0.0,0.295,29.407,76.143,0.0,0.0,0.0,76.916,30.658,60.684,0.0,0.745,0.364,0.0,0.232,0.0,0.433,0.393,0.0,0.969,16.743,180.912
218,2806.882,30.731,0.111,0.0,0.437,28.587,0.0,0.0,1.548,0.0,9.519,32.371,40.288,41.539,0.0,0.0,0.0,0.229,0.077,0.0,0.0,12.171,19.735,0.56,0.136,20.764,0.0,0.0,0.756,0.0,0.247,29.085,0.0,0.0,0.0,0.0,174.698,113.345,56.895,0.0,1.319,0.323,0.0,0.15,0.0,1.539,0.578,0.0,130.413,25.875,546.106
220,0.0,0.0,0.161,0.0,0.69,0.645,45.052,0.0,1.548,0.0,0.0,26.146,21.126,20.909,0.005,0.0,0.0,0.271,0.111,0.0,0.0,0.0,0.0,0.643,0.165,23.704,0.0,0.0,0.731,0.0,0.282,29.349,76.179,0.0,0.0,0.0,76.896,30.663,60.695,0.0,0.746,0.353,0.0,0.225,0.0,0.434,0.396,0.0,0.946,16.74,180.76
221,2816.652,30.738,0.0,0.0,0.261,28.454,0.0,0.0,1.548,0.0,9.379,32.219,40.151,41.373,0.218,0.0,0.0,0.255,0.026,0.0,0.0,11.982,19.423,0.241,0.194,20.644,0.0,0.0,0.755,0.0,0.0,28.273,0.0,0.0,0.0,0.0,174.498,113.127,56.728,0.0,1.313,0.111,0.0,0.048,0.0,1.538,0.577,0.0,130.043,25.527,543.079
222,76.791,3.415,0.0,0.0,0.332,1.617,37.873,0.0,1.548,0.0,0.0,34.338,28.521,31.152,0.081,0.0,0.0,0.206,0.036,0.0,0.0,0.0,0.0,0.265,0.073,26.871,0.0,0.0,0.601,0.0,0.0,32.585,42.665,0.0,0.0,0.0,87.156,51.699,72.014,0.0,0.814,0.129,0.0,0.069,0.0,0.519,0.262,0.0,26.324,22.4,242.38
224,167.241,8.535,0.0,0.0,0.584,1.138,36.529,0.0,1.548,0.0,0.0,36.309,31.085,34.938,0.081,0.0,0.0,0.172,0.052,0.0,0.0,0.0,0.0,0.304,0.092,27.711,0.0,0.0,0.609,0.0,0.0,24.544,32.582,0.0,0.0,0.0,137.154,65.314,74.744,0.0,0.839,0.152,0.0,0.102,0.0,0.535,0.274,21.672,6.186,24.522,360.498
230,11312.908,104.562,30.348,0.0,140.84,56.808,0.0,40.599,1.548,0.0,0.0,256.048,208.053,280.059,126.425,35.454,190.58,0.118,216.776,0.0,0.0,0.0,0.0,0.0,6.138,93.831,0.0,24.546,0.775,0.0,1058.705,119.194,0.0,0.0,0.0,12.941,1392.274,763.51,438.488,0.0,77.671,129.036,0.0,826.554,0.0,1.125,0.607,0.0,290.481,5.141,758.877
231,6075.091,52.847,11.761,0.0,58.802,30.729,0.0,9.181,1.548,0.0,0.0,100.91,92.445,124.845,54.717,7.987,83.197,0.121,86.608,0.0,0.0,0.0,0.0,0.0,2.406,39.93,0.0,5.517,0.781,0.0,419.264,0.0,0.0,0.0,0.0,2.676,606.201,334.835,172.646,0.0,19.318,53.855,0.0,328.721,0.0,1.199,0.622,0.0,144.912,2.369,353.958
234,8521.664,67.229,12.123,0.0,61.453,42.003,0.0,0.0,1.548,0.0,0.0,106.288,103.158,139.618,59.985,0.0,89.942,0.123,89.757,0.0,0.0,0.0,0.0,0.0,2.611,42.411,0.0,0.0,0.783,0.0,423.49,0.0,0.0,0.0,0.0,3.069,677.952,380.374,179.807,16.008,19.917,57.093,0.0,339.135,0.0,1.26,0.631,0.0,174.228,2.404,420.036
236,6389.056,72.764,4.499,6.948,29.775,34.537,0.0,4.153,1.548,0.0,0.0,66.646,69.138,89.016,33.151,0.0,51.335,0.044,42.905,0.0,0.0,0.0,0.0,0.0,0.955,30.651,0.0,0.0,17.272,0.0,173.991,0.0,0.0,0.0,0.0,0.0,532.107,300.186,115.374,0.0,9.132,27.463,0.0,157.962,12.275,45.994,7.902,0.0,132.798,6.891,395.57
238,17669.726,425.435,43.143,0.0,110.765,0.0,0.0,110.891,1.548,0.0,0.0,887.11,128.981,160.937,97.212,96.185,1066.598,0.089,613.834,0.0,199.099,0.0,0.0,0.0,9.23,604.599,0.0,68.941,0.673,0.0,1224.271,273.489,0.0,0.0,0.0,28.241,3433.093,2098.505,1452.132,0.0,120.625,107.566,0.0,2337.109,0.0,0.788,0.39,910.109,0.0,0.0,0.0
239,5776.674,46.277,8.953,0.0,40.192,28.861,0.0,0.0,1.548,0.0,0.0,71.659,72.374,97.459,41.412,0.0,58.876,0.111,60.195,0.0,0.0,0.0,0.0,0.0,2.163,31.369,0.0,0.0,0.672,4.641,282.544,0.0,0.0,0.0,0.0,0.0,464.687,260.083,120.608,0.0,1.237,38.681,0.0,227.59,0.0,0.916,0.398,0.0,121.888,2.098,300.032
240,5135.921,50.852,10.78,0.0,41.676,26.789,0.0,12.837,1.548,0.0,0.0,138.127,42.698,54.148,31.706,11.133,138.564,0.102,115.214,0.0,19.11,0.0,0.0,0.0,1.76,73.487,0.0,7.813,0.709,0.0,375.136,0.0,0.0,0.0,0.0,3.414,674.344,386.277,231.932,0.0,18.185,35.888,0.0,438.591,0.0,0.941,0.467,0.0,150.073,0.0,0.0
241,6132.492,62.469,15.232,0.0,52.697,31.9,0.0,21.289,1.548,0.0,0.0,187.12,56.793,71.901,41.235,18.507,176.983,0.102,153.298,0.0,24.492,0.0,0.0,0.0,2.693,97.34,0.0,12.99,0.716,0.0,504.335,32.746,0.0,0.0,0.0,6.03,878.038,502.965,313.354,0.0,31.038,46.728,0.0,584.528,0.0,0.941,0.479,0.0,185.399,0.0,0.0
242,3995.365,43.431,9.338,0.0,38.076,21.417,3.687,13.562,1.548,0.0,0.0,133.828,34.12,42.727,27.869,11.776,130.189,0.1,113.89,0.0,22.632,0.0,0.0,0.0,1.42,68.895,0.0,8.312,0.696,0.0,339.089,0.0,2.783,0.0,0.0,3.719,639.784,360.366,226.674,0.0,18.868,31.706,0.0,436.764,0.0,0.879,0.44,0.0,134.965,0.0,0.0
243,5665.198,124.383,5.431,0.0,17.439,0.0,0.0,15.494,1.548,0.0,0.0,209.406,19.715,24.894,14.335,13.424,282.364,0.091,142.564,0.0,58.242,0.0,0.0,0.0,1.05,158.193,0.0,9.485,0.678,0.0,170.974,0.0,0.0,0.0,0.0,2.792,848.138,529.064,339.785,0.0,15.943,16.012,0.0,540.144,0.0,0.842,0.401,268.708,0.0,0.0,0.0
248,2586.958,69.642,5.015,0.0,18.106,0.0,9.089,15.86,1.548,0.0,0.0,170.074,16.639,20.745,12.821,13.775,195.121,0.083,123.785,0.0,47.232,0.0,0.0,0.0,0.749,110.195,0.0,10.027,0.638,0.0,179.125,0.0,6.712,0.0,0.0,3.556,661.056,389.942,283.395,0.0,16.31,14.739,0.0,478.226,0.0,0.676,0.327,152.201,0.0,0.0,0.0
249,4104.328,43.356,8.423,0.0,34.152,24.063,0.0,12.066,1.548,0.0,1.729,124.528,31.754,39.903,25.418,10.466,123.967,0.1,104.676,0.0,21.429,2.155,3.516,0.0,1.317,65.771,0.0,7.37,0.699,0.0,302.773,0.0,0.0,0.0,0.0,3.22,601.762,342.138,209.916,0.0,16.769,28.782,0.0,400.439,0.0,0.902,0.447,0.0,133.633,0.0,0.0
250,4334.558,57.758,6.874,4.517,34.499,23.716,0.0,14.853,1.548,0.0,0.0,126.695,25.024,30.721,25.807,9.579,124.181,0.039,111.626,0.0,25.247,0.0,0.0,0.0,0.99,62.244,0.0,6.81,8.726,0.0,269.859,0.0,0.0,0.0,0.0,0.949,668.873,377.92,214.36,0.0,21.47,28.219,0.0,427.678,9.05,18.443,8.162,0.0,114.452,0.0,0.0
252,0.0,0.0,4.827,0.0,21.625,0.641,19.302,22.143,1.548,0.0,0.0,70.04,7.091,6.809,9.511,20.939,48.196,0.155,82.927,0.0,16.044,0.0,0.0,0.0,0.363,25.716,0.0,32.77,0.707,0.0,221.984,0.0,29.719,0.0,0.0,12.756,320.366,102.823,139.419,0.0,22.553,10.718,0.0,345.234,0.0,0.433,0.368,0.0,0.859,0.0,0.0
256,8586.88,72.466,11.067,0.0,42.514,42.896,0.0,0.0,1.548,0.0,0.0,152.326,48.728,62.282,34.209,0.0,163.466,0.106,123.392,0.0,21.423,0.0,0.0,0.0,1.965,86.813,0.0,0.0,0.731,0.0,371.665,0.0,0.0,0.0,0.0,3.142,792.331,464.617,251.968,20.912,17.975,38.016,0.0,465.631,0.0,1.066,0.516,0.0,195.422,0.0,0.0
257,0.0,0.0,4.652,0.0,20.966,0.0,18.052,22.182,1.548,0.0,0.0,71.385,6.787,6.491,9.143,20.942,49.511,0.123,83.109,0.0,16.951,0.0,0.0,0.0,0.346,27.272,0.0,34.484,0.886,0.0,214.719,0.0,22.114,0.0,0.0,12.701,323.099,104.464,141.621,0.0,21.802,10.287,0.0,346.26,0.0,0.542,0.595,5.326,0.0,0.0,0.0
263,5035.773,43.287,6.705,0.0,23.335,25.588,0.0,0.0,1.548,0.0,0.0,92.317,28.326,36.148,19.598,0.0,98.115,0.088,74.816,0.0,14.263,0.0,0.0,0.0,1.319,53.932,0.0,0.0,0.618,2.976,213.506,0.0,0.0,0.0,0.0,0.0,480.169,281.025,152.283,0.0,0.744,21.584,0.0,282.833,0.0,0.735,0.3,0.0,118.547,0.0,0.0
292,5155.788,68.966,0.395,10.439,0.0,30.881,0.0,6.687,1.548,0.0,0.0,82.155,15.315,14.758,0.78,0.0,78.263,0.106,52.672,0.0,21.432,0.0,0.0,0.0,0.219,43.505,0.0,0.0,25.549,0.0,3.761,0.0,0.0,0.0,0.0,0.0,561.881,323.85,138.346,0.0,10.76,0.323,0.0,197.028,15.694,62.465,9.804,0.0,126.168,9.448,235.393
293,3987.935,60.779,0.197,10.785,0.573,25.156,0.0,12.082,1.548,0.0,0.0,100.097,7.029,6.831,0.305,3.559,98.722,0.114,77.706,0.0,32.196,0.0,0.0,0.0,0.153,47.169,0.0,2.523,23.873,0.0,1.926,0.0,0.0,0.0,0.0,0.254,601.958,341.973,168.329,0.0,18.956,0.0,0.0,298.138,16.006,51.288,13.512,0.0,105.342,4.629,118.257
294,3991.101,60.793,0.345,10.733,0.0,25.144,0.0,12.109,1.548,0.0,0.0,100.316,7.256,7.145,0.653,3.61,98.923,0.098,77.932,0.0,32.166,0.0,0.0,0.0,0.191,47.28,0.0,2.559,23.738,0.0,3.8,0.0,0.0,0.0,0.0,0.258,602.664,342.33,168.711,0.0,18.988,0.285,0.0,299.035,15.965,50.977,13.481,0.0,105.422,4.345,117.537
299,5136.616,68.85,0.214,10.495,0.558,30.813,0.0,6.73,1.548,0.0,0.0,82.199,14.916,14.252,0.335,0.0,78.368,0.119,52.811,0.0,21.635,0.0,0.0,0.0,0.171,43.465,0.0,0.0,25.672,0.0,1.859,0.0,0.0,0.0,0.0,0.0,561.845,323.817,138.402,0.0,10.832,0.0,0.0,197.593,15.741,62.697,9.872,0.0,125.779,9.763,234.215
305,4683.755,125.099,0.217,13.282,0.0,0.0,0.0,35.415,1.548,0.0,0.0,259.399,0.464,0.532,0.385,19.974,309.943,0.064,181.98,0.0,90.068,0.0,0.0,0.0,0.117,180.177,0.0,14.552,20.037,0.0,3.575,47.895,0.0,0.0,0.0,1.631,1042.452,629.85,426.271,0.0,33.424,0.176,0.0,703.102,11.148,30.19,12.86,268.162,0.0,0.0,0.0
307,0.0,0.0,0.137,0.0,0.0,0.0,0.0,36.032,1.548,0.0,12.936,96.76,0.197,0.162,0.251,33.58,63.698,0.125,90.757,0.0,33.934,28.291,42.576,0.0,0.056,42.84,0.0,56.643,0.626,0.0,4.684,63.929,0.0,0.0,0.0,19.367,422.84,147.072,184.301,0.0,31.981,0.085,0.0,389.606,0.0,0.372,0.267,47.793,0.0,0.0,0.0
308,4291.932,104.014,0.214,6.995,0.0,0.0,0.0,18.659,1.548,0.0,0.0,186.721,0.457,0.515,0.38,10.977,243.821,0.073,129.994,0.0,65.992,0.0,0.0,0.0,0.115,137.807,0.0,7.909,11.033,0.0,3.648,0.0,0.0,0.0,0.0,0.766,769.014,475.512,305.655,0.0,16.725,0.173,0.0,498.656,6.001,17.105,5.87,223.394,0.0,0.0,0.0
314,3540.549,83.252,0.211,8.834,0.0,7.678,0.0,17.635,1.548,0.0,0.0,159.876,0.444,0.499,0.374,9.09,195.994,0.073,115.2,0.0,56.888,0.0,0.0,0.0,0.113,108.883,0.0,6.579,16.044,0.0,3.706,0.0,0.0,0.0,0.0,0.63,673.519,405.166,264.192,0.0,16.858,0.169,0.0,445.121,9.847,25.107,7.634,139.818,2.596,0.0,0.0
316,5234.992,74.199,0.242,10.825,0.0,30.172,0.0,7.042,1.548,0.0,0.0,125.971,0.574,0.662,0.435,0.0,130.82,0.083,108.603,0.0,44.572,0.0,0.0,0.0,0.132,58.239,0.0,0.0,24.119,0.0,3.694,0.0,0.0,0.0,0.0,0.563,733.441,419.282,209.878,12.648,26.576,0.199,0.0,419.505,18.365,53.066,15.9,0.0,109.852,0.0,0.0
318,4024.615,62.973,0.234,10.901,0.0,24.723,0.0,12.273,1.548,0.0,0.0,120.833,0.538,0.618,0.418,3.628,122.709,0.085,104.554,0.0,43.055,0.0,0.0,0.0,0.127,53.774,0.0,2.586,23.17,0.0,3.741,0.0,0.0,0.0,0.0,0.583,681.48,385.079,202.686,6.194,26.65,0.191,0.0,406.209,17.265,47.521,16.013,0.0,95.603,0.0,0.0
320,3227.486,50.57,0.234,8.69,0.0,20.036,0.0,9.787,1.548,0.0,0.0,97.089,0.539,0.618,0.418,2.883,97.771,0.085,84.55,0.0,34.569,0.0,0.0,0.0,0.127,44.751,0.0,2.055,18.548,1.186,3.745,0.0,0.0,0.0,0.0,0.215,551.283,310.849,162.959,0.0,15.609,0.191,0.0,328.658,13.669,37.968,10.975,0.0,79.174,0.0,0.0
321,0.0,0.0,0.136,6.572,0.0,3.625,12.973,23.084,1.548,0.0,0.0,63.81,0.194,0.158,0.249,16.472,47.125,0.153,67.645,0.0,25.665,0.0,0.0,0.0,0.055,21.69,0.0,29.781,12.078,0.0,4.868,0.0,19.014,0.0,0.0,10.081,315.621,93.376,126.957,0.0,22.649,0.083,0.0,295.072,2.281,9.009,5.622,0.0,4.43,0.0,0.0
324,2772.349,50.127,0.223,10.846,0.0,19.038,0.0,17.395,1.548,0.0,0.0,114.253,0.493,0.561,0.397,7.438,112.61,0.087,99.326,0.0,41.087,0.0,0.0,0.0,0.121,48.431,0.0,5.331,21.931,0.0,3.81,0.0,0.0,0.0,0.0,0.614,617.625,342.577,193.501,0.0,26.663,0.181,0.0,389.089,15.829,40.716,16.126,0.0,79.177,0.0,0.0
328,0.0,0.0,0.1,0.0,0.618,0.0,0.0,35.616,1.548,0.0,12.866,95.836,0.143,0.124,0.174,33.195,63.222,0.119,89.902,0.0,33.745,28.126,42.328,0.0,0.062,42.412,0.0,56.06,0.626,0.0,2.349,62.722,0.0,0.0,0.0,19.15,419.039,145.649,182.557,0.0,31.609,0.0,0.0,386.03,0.0,0.372,0.266,47.525,0.0,0.0,0.0
329,0.0,0.0,0.135,6.435,0.0,0.0,12.744,24.098,1.548,0.0,0.0,69.358,0.192,0.155,0.249,17.318,52.388,0.114,70.691,0.0,27.785,0.0,0.0,0.0,0.054,26.327,0.0,34.279,10.454,0.0,4.829,0.0,14.197,0.0,0.0,10.357,329.525,101.569,136.364,0.0,21.305,0.082,0.0,307.198,1.766,7.564,5.137,15.346,0.0,0.0,0.0
331,10527.917,206.561,0.244,0.0,0.0,0.0,0.0,1.139,1.548,0.0,0.0,255.44,0.58,0.68,0.44,0.986,383.923,0.128,170.824,0.0,89.228,0.0,0.0,0.0,0.134,217.404,0.0,0.688,0.691,0.0,3.409,0.0,0.0,0.0,0.0,2.424,1102.868,704.312,409.451,91.18,17.048,0.202,0.0,643.534,0.0,0.935,0.429,444.762,0.0,0.0,0.0
334,10849.727,210.627,0.245,0.0,0.0,1.065,0.0,0.0,1.548,0.0,0.0,256.465,0.583,0.685,0.442,0.0,386.722,0.129,171.457,0.0,89.564,0.0,0.0,0.0,0.134,218.93,0.0,0.0,0.692,0.0,3.406,0.0,0.0,0.0,0.0,2.416,1110.562,709.493,410.911,98.965,17.056,0.203,0.0,645.633,0.0,0.94,0.431,449.081,0.152,0.0,0.0
335,4662.905,124.605,0.155,13.278,0.547,0.0,0.0,35.264,1.548,0.0,0.0,258.395,0.279,0.308,0.242,19.858,308.759,0.086,181.33,0.0,89.866,0.0,0.0,0.0,0.113,179.477,0.0,14.467,20.057,0.0,1.873,47.494,0.0,0.0,0.0,1.618,1038.551,627.475,424.627,0.0,33.286,0.0,0.0,700.625,11.154,30.195,12.858,267.137,0.0,0.0,0.0
338,2613.931,73.484,0.201,6.644,0.0,0.0,4.929,18.692,1.548,0.0,0.0,165.197,0.407,0.451,0.356,11.146,196.933,0.074,118.615,0.0,58.983,0.0,0.0,0.0,0.107,110.528,0.0,8.164,10.518,0.0,3.759,0.0,3.632,0.0,0.0,0.853,665.795,396.404,274.534,0.0,17.161,0.16,0.0,461.256,5.954,14.719,6.185,159.717,0.0,0.0,0.0
340,0.0,0.0,0.137,0.0,0.0,10.038,0.0,14.061,1.548,0.0,9.25,43.089,0.197,0.162,0.251,13.296,31.606,0.144,44.723,0.0,17.006,16.229,26.011,0.0,0.056,16.248,0.0,21.71,0.587,0.0,4.819,5.784,0.0,0.0,0.0,8.108,208.099,64.177,84.893,0.0,13.991,0.085,0.0,194.242,0.0,0.344,0.221,0.0,8.567,0.0,0.0
342,2686.024,31.048,0.22,0.0,0.0,25.156,0.0,0.012,1.548,0.0,8.148,85.965,0.48,0.544,0.391,0.01,89.423,0.141,70.583,0.0,30.652,10.082,16.377,0.0,0.119,47.061,0.0,0.007,0.687,0.0,3.781,0.0,0.0,0.0,0.0,2.134,431.576,244.17,144.702,13.061,11.609,0.178,0.0,275.446,0.0,0.875,0.422,0.0,104.811,0.0,0.0
343,169.595,7.279,0.162,0.0,0.0,12.782,0.0,10.095,1.548,0.0,8.279,59.887,0.271,0.268,0.289,8.922,51.122,0.123,52.142,0.0,22.452,10.567,17.359,0.0,0.078,27.364,0.0,7.476,0.575,0.0,4.312,0.0,0.0,0.0,0.0,3.632,255.196,115.635,108.03,0.0,11.204,0.117,0.0,215.697,0.0,0.448,0.223,0.0,46.377,0.0,0.0
344,0.0,0.0,0.137,0.0,0.0,9.512,0.758,13.248,1.548,0.0,8.697,41.445,0.197,0.162,0.251,12.529,32.428,0.151,43.662,0.0,17.174,15.607,24.76,0.0,0.056,15.133,0.0,20.527,0.596,0.0,4.841,0.0,0.927,0.0,0.0,7.646,203.181,61.562,82.117,0.0,13.207,0.084,0.0,189.94,0.0,0.35,0.232,0.0,9.101,0.0,0.0
348,235.135,8.843,0.154,0.0,0.0,2.359,32.396,0.017,1.548,0.0,0.0,96.793,0.244,0.229,0.275,0.017,74.843,0.141,90.524,0.0,36.501,0.0,0.0,0.0,0.071,38.892,0.0,0.014,0.626,0.0,4.5,0.0,28.772,0.0,0.0,4.542,434.496,174.132,180.0,23.008,23.033,0.106,0.0,381.716,0.0,0.481,0.301,0.0,40.634,0.0,0.0
349,2239.035,64.232,0.207,0.0,0.0,0.0,0.0,13.419,1.548,0.0,5.534,143.784,0.425,0.477,0.365,11.646,173.63,0.121,101.002,0.0,50.681,6.96,11.244,0.0,0.11,100.849,0.0,8.396,0.642,0.0,3.657,5.391,0.0,0.0,0.0,2.393,565.86,340.849,237.474,0.0,13.018,0.165,0.0,391.527,0.0,0.701,0.333,166.891,0.0,0.0,0.0
352,0.0,0.0,0.131,0.0,0.0,0.0,37.434,3.289,1.548,0.0,0.0,66.732,0.182,0.14,0.243,3.683,45.482,0.176,75.982,0.0,26.455,0.0,0.0,0.0,0.05,26.331,0.0,10.182,0.814,0.0,5.032,0.0,68.646,0.0,0.0,12.383,357.422,89.025,137.788,20.295,21.389,0.076,0.0,336.374,0.0,0.402,0.483,3.851,0.0,0.0,0.0
355,4275.207,103.75,0.152,7.055,0.534,0.0,0.0,18.675,1.548,0.0,0.0,186.461,0.277,0.3,0.239,10.953,243.415,0.083,129.878,0.0,66.065,0.0,0.0,0.0,0.111,137.522,0.0,7.893,11.155,0.0,1.842,0.0,0.0,0.0,0.0,0.764,767.96,474.753,305.246,0.0,16.746,0.0,0.0,498.273,6.065,17.285,5.914,222.827,0.0,0.0,0.0
356,2361.024,65.697,0.203,0.0,0.0,0.0,0.0,12.484,1.548,0.0,5.098,140.97,0.415,0.461,0.36,10.831,173.974,0.126,98.974,0.0,49.918,6.37,10.261,0.0,0.108,100.312,0.0,7.782,0.636,0.0,3.718,0.0,0.0,0.0,0.0,1.945,559.427,339.76,232.735,0.0,11.73,0.162,0.0,382.941,0.0,0.693,0.323,168.049,0.0,0.0,0.0
357,288.111,16.687,0.156,0.0,0.0,0.0,30.468,1.455,1.548,0.0,0.0,111.403,0.252,0.24,0.279,1.332,93.142,0.122,95.814,0.0,41.539,0.0,0.0,0.0,0.073,52.774,0.0,1.144,0.589,0.0,4.366,0.0,24.311,0.0,0.0,4.958,461.281,203.417,201.856,21.769,19.639,0.109,0.0,398.496,0.0,0.445,0.242,40.37,0.0,0.0,0.0
358,0.0,0.0,0.131,0.0,0.0,0.624,39.806,1.816,1.548,0.0,0.0,64.671,0.181,0.138,0.243,2.113,43.737,0.177,75.283,0.0,25.733,0.0,0.0,0.0,0.05,25.61,0.0,5.966,0.638,0.0,5.064,0.0,82.421,0.0,0.0,11.672,354.815,85.138,134.767,21.419,21.054,0.076,0.0,334.233,0.0,0.32,0.274,0.0,0.404,0.0,0.0
360,2684.661,31.035,0.214,0.0,0.077,25.157,0.0,0.0,1.548,0.0,8.154,85.929,0.456,0.515,0.372,0.0,89.392,0.143,70.557,0.0,30.658,10.089,16.39,0.0,0.119,47.041,0.0,0.0,0.687,0.0,3.526,0.0,0.0,0.0,0.0,2.133,431.395,244.069,144.64,13.074,11.606,0.154,0.0,275.347,0.0,0.875,0.422,0.0,104.776,0.0,0.0
361,2174.255,61.382,0.202,0.0,0.0,0.842,0.0,12.207,1.548,0.0,5.372,135.577,0.409,0.453,0.357,10.592,165.279,0.126,95.602,0.0,48.072,6.714,10.819,0.0,0.107,95.264,0.0,7.631,0.633,0.0,3.733,0.0,0.0,0.0,0.0,1.943,536.755,324.209,224.296,0.0,11.495,0.16,0.0,370.586,0.0,0.683,0.319,156.472,0.203,0.0,0.0
362,2095.125,60.66,0.2,0.0,0.0,0.0,0.773,12.527,1.548,0.0,5.103,137.243,0.404,0.446,0.354,10.872,166.034,0.125,96.97,0.0,48.704,6.384,10.288,0.0,0.106,95.717,0.0,7.849,0.632,0.0,3.744,0.0,0.569,0.0,0.0,2.028,541.562,326.023,227.354,0.0,11.78,0.159,0.0,376.362,0.0,0.676,0.317,157.614,0.0,0.0,0.0
363,231.247,8.771,0.156,0.0,0.098,2.338,32.435,0.0,1.548,0.0,0.0,96.586,0.23,0.214,0.261,0.0,74.612,0.145,90.408,0.0,36.451,0.0,0.0,0.0,0.078,38.794,0.0,0.0,0.625,0.0,4.198,0.0,28.849,0.0,0.0,4.541,433.708,173.377,179.716,23.034,23.018,0.076,0.0,381.369,0.0,0.479,0.3,0.0,40.388,0.0,0.0
364,0.0,0.0,0.136,0.0,0.0,0.0,6.489,17.347,1.548,0.0,5.752,58.447,0.194,0.158,0.249,16.29,45.51,0.13,57.967,0.0,23.48,12.98,19.107,0.0,0.055,23.951,0.0,30.146,0.626,0.0,4.783,0.0,6.705,0.0,0.0,9.724,269.751,86.759,113.72,0.0,15.562,0.083,0.0,250.813,0.0,0.363,0.266,24.696,0.0,0.0,0.0
365,2689.156,31.07,0.22,0.0,0.0,25.171,0.0,0.0,1.548,0.0,8.147,85.981,0.48,0.545,0.391,0.0,89.449,0.141,70.595,0.0,30.657,10.081,16.377,0.0,0.119,47.075,0.0,0.0,0.687,0.0,3.781,0.0,0.0,0.0,0.0,2.133,431.71,244.261,144.724,13.08,11.609,0.178,0.0,275.485,0.0,0.875,0.422,0.0,104.857,0.0,0.0
367,3531.657,83.227,0.15,8.871,0.54,7.596,0.0,17.66,1.548,0.0,0.0,159.916,0.272,0.294,0.237,9.085,196.136,0.083,115.238,0.0,57.054,0.0,0.0,0.0,0.11,108.932,0.0,6.575,16.111,0.0,1.866,0.0,0.0,0.0,0.0,0.63,673.475,405.173,264.245,0.0,16.876,0.0,0.0,445.297,9.865,25.188,7.658,140.214,2.554,0.0,0.0
368,5215.622,74.08,0.168,10.88,0.556,30.106,0.0,7.084,1.548,0.0,0.0,125.857,0.33,0.36,0.263,0.0,130.708,0.1,108.548,0.0,44.665,0.0,0.0,0.0,0.126,58.108,0.0,0.0,24.236,0.0,1.901,0.0,0.0,0.0,0.0,0.562,732.701,418.82,209.687,12.612,26.622,0.0,0.0,419.34,18.412,53.27,15.966,0.0,109.521,0.0,0.0
369,239.035,8.917,0.154,0.0,0.0,2.381,32.383,0.0,1.548,0.0,0.0,97.003,0.245,0.23,0.275,0.0,75.076,0.141,90.647,0.0,36.57,0.0,0.0,0.0,0.071,38.989,0.0,0.0,0.626,0.0,4.497,0.0,28.718,0.0,0.0,4.535,435.319,174.883,180.294,23.03,23.051,0.106,0.0,382.105,0.0,0.483,0.302,0.0,40.885,0.0,0.0
370,0.0,0.0,0.1,6.646,0.642,3.659,12.901,23.094,1.548,0.0,0.0,63.735,0.141,0.122,0.174,16.423,47.109,0.147,67.548,0.0,25.734,0.0,0.0,0.0,0.061,21.643,0.0,29.748,12.204,0.0,2.442,0.0,18.906,0.0,0.0,10.054,315.418,93.254,126.808,0.0,22.648,0.0,0.0,294.746,2.307,9.097,5.674,0.0,4.457,0.0,0.0
372,2614.165,73.516,0.145,6.704,0.542,0.0,4.879,18.707,1.548,0.0,0.0,165.15,0.256,0.274,0.23,11.119,196.99,0.082,118.602,0.0,59.113,0.0,0.0,0.0,0.105,110.506,0.0,8.145,10.632,0.0,1.88,0.0,3.595,0.0,0.0,0.848,665.743,396.418,274.434,0.0,17.186,0.0,0.0,461.212,6.014,14.865,6.244,159.797,0.0,0.0,0.0
374,2758.585,50.012,0.159,10.899,0.563,18.999,0.0,17.417,1.548,0.0,0.0,114.141,0.295,0.321,0.247,7.42,112.51,0.1,99.26,0.0,41.176,0.0,0.0,0.0,0.117,48.315,0.0,5.318,22.035,0.0,1.937,0.0,0.0,0.0,0.0,0.612,616.875,342.104,193.316,0.0,26.705,0.0,0.0,388.889,15.864,40.854,16.191,0.0,78.912,0.0,0.0
375,0.0,0.0,0.1,0.0,0.636,9.995,0.0,13.746,1.548,0.0,9.202,42.345,0.143,0.125,0.175,12.999,31.53,0.139,44.074,0.0,16.986,16.198,25.915,0.0,0.062,15.861,0.0,21.264,0.589,0.0,2.42,4.389,0.0,0.0,0.0,7.932,205.305,63.032,83.524,0.0,13.685,0.0,0.0,191.578,0.0,0.345,0.222,0.0,8.688,0.0,0.0
377,10586.353,207.526,0.169,0.0,0.531,0.0,0.0,0.968,1.548,0.0,0.0,255.926,0.329,0.364,0.263,0.838,385.028,0.153,171.177,0.0,89.573,0.0,0.0,0.0,0.127,217.992,0.0,0.585,0.691,0.0,1.806,0.0,0.0,0.0,0.0,2.427,1105.532,706.097,410.178,92.671,17.076,0.0,0.0,644.822,0.0,0.936,0.43,446.828,0.0,0.0,0.0
379,2214.234,63.635,0.148,0.0,0.543,0.0,0.0,13.264,1.548,0.0,5.541,142.539,0.262,0.284,0.233,11.51,172.185,0.136,100.203,0.0,50.409,6.965,11.249,0.0,0.108,99.996,0.0,8.299,0.641,0.0,1.873,4.831,0.0,0.0,0.0,2.341,561.126,338.009,235.468,0.0,12.828,0.0,0.0,388.489,0.0,0.699,0.332,165.665,0.0,0.0,0.0
381,0.0,0.0,0.099,6.502,0.635,0.0,12.686,24.114,1.548,0.0,0.0,69.323,0.14,0.12,0.173,17.28,52.405,0.108,70.623,0.0,27.869,0.0,0.0,0.0,0.061,26.304,0.0,34.268,10.561,0.0,2.422,0.0,14.131,0.0,0.0,10.335,329.442,101.514,136.284,0.0,21.305,0.0,0.0,306.984,1.787,7.637,5.179,15.442,0.0,0.0,0.0
383,0.0,0.0,0.096,0.0,0.668,0.623,40.243,1.337,1.548,0.0,0.0,64.14,0.132,0.109,0.169,1.582,43.307,0.173,75.08,0.0,25.639,0.0,0.0,0.0,0.057,25.631,0.0,4.622,0.638,0.0,2.546,0.0,86.356,0.0,0.0,11.42,354.674,83.985,134.044,21.921,20.773,0.0,0.0,333.77,0.0,0.318,0.274,0.0,0.395,0.0,0.0
388,0.0,0.0,0.096,0.0,0.662,0.0,37.79,2.924,1.548,0.0,0.0,66.405,0.133,0.11,0.169,3.301,45.211,0.171,75.864,0.0,26.432,0.0,0.0,0.0,0.057,26.305,0.0,9.309,0.813,0.0,2.528,0.0,70.94,0.0,0.0,12.306,357.457,88.286,137.354,20.608,21.263,0.0,0.0,336.17,0.0,0.399,0.481,3.799,0.0,0.0,0.0
389,135.33,6.517,0.118,0.0,0.591,12.607,0.0,10.194,1.548,0.0,8.337,58.282,0.182,0.179,0.194,9.033,49.245,0.121,51.114,0.0,22.039,10.676,17.554,0.0,0.08,26.379,0.0,7.783,0.569,0.0,2.177,0.0,0.0,0.0,0.0,3.779,248.224,109.976,105.685,0.0,11.16,0.0,0.0,212.312,0.0,0.429,0.213,0.0,43.844,0.0,0.0
390,2320.471,64.918,0.146,0.0,0.538,0.0,0.0,12.449,1.548,0.0,5.16,140.09,0.258,0.277,0.231,10.801,172.614,0.134,98.44,0.0,49.769,6.449,10.388,0.0,0.106,99.498,0.0,7.765,0.635,0.0,1.863,0.0,0.0,0.0,0.0,1.946,555.57,337.138,231.348,0.0,11.7,0.0,0.0,381.022,0.0,0.692,0.323,166.693,0.0,0.0,0.0
391,0.0,0.0,0.1,0.0,0.638,9.612,0.557,13.144,1.548,0.0,8.796,41.113,0.143,0.124,0.175,12.432,32.235,0.145,43.288,0.0,17.144,15.759,25.009,0.0,0.062,15.008,0.0,20.383,0.596,0.0,2.429,0.0,0.679,0.0,0.0,7.587,201.667,61.075,81.45,0.0,13.101,0.0,0.0,188.396,0.0,0.35,0.231,0.0,9.138,0.0,0.0
393,2157.907,61.16,0.145,0.0,0.539,0.733,0.0,12.208,1.548,0.0,5.398,135.389,0.256,0.275,0.23,10.594,165.037,0.133,95.501,0.0,48.159,6.749,10.875,0.0,0.105,95.1,0.0,7.633,0.633,0.0,1.868,0.0,0.0,0.0,0.0,1.945,535.811,323.582,223.993,0.0,11.496,0.0,0.0,370.254,0.0,0.682,0.319,156.615,0.175,0.0,0.0
394,2089.01,60.527,0.144,0.0,0.54,0.0,0.672,12.487,1.548,0.0,5.165,136.835,0.254,0.272,0.229,10.838,165.684,0.133,96.688,0.0,48.706,6.462,10.413,0.0,0.105,95.488,0.0,7.823,0.632,0.0,1.871,0.0,0.495,0.0,0.0,2.019,539.976,325.146,226.648,0.0,11.743,0.0,0.0,375.27,0.0,0.676,0.317,157.597,0.0,0.0,0.0
396,252.572,15.386,0.113,0.0,0.592,0.0,30.784,1.266,1.548,0.0,0.0,109.197,0.173,0.167,0.19,1.167,90.296,0.12,94.765,0.0,40.911,0.0,0.0,0.0,0.076,51.136,0.0,1.016,0.589,0.0,2.199,0.0,24.76,0.0,0.0,4.948,454.711,196.949,198.705,22.003,19.736,0.0,0.0,395.302,0.0,0.438,0.241,37.94,0.0,0.0,0.0
398,2699.961,32.06,0.157,0.374,0.557,25.077,0.0,0.155,1.548,0.0,8.058,86.067,0.291,0.316,0.245,0.0,89.336,0.092,70.979,0.0,30.82,9.98,16.211,0.0,0.115,46.56,0.0,0.0,1.241,0.0,1.918,0.0,0.0,0.0,0.0,1.564,435.5,246.252,144.864,12.968,12.032,0.0,0.0,276.975,0.665,2.598,1.191,0.0,102.615,0.0,0.0
399,282.39,10.302,0.116,0.307,0.603,2.67,31.926,0.16,1.548,0.0,0.0,99.155,0.178,0.174,0.192,0.0,77.627,0.101,91.993,0.0,37.361,0.0,0.0,0.0,0.078,39.515,0.0,0.0,1.041,0.0,2.228,0.0,28.097,0.0,0.0,4.219,445.66,184.497,183.075,22.726,23.631,0.0,0.0,386.132,0.684,1.323,0.688,0.0,40.92,0.0,0.0
403,4021.857,62.992,0.164,10.955,0.559,24.733,0.0,12.247,1.548,0.0,0.0,120.786,0.315,0.344,0.256,3.578,122.705,0.1,104.546,0.0,43.165,0.0,0.0,0.0,0.122,53.704,0.0,2.55,23.294,0.0,1.915,0.0,0.0,0.0,0.0,0.58,681.387,385.045,202.59,6.248,26.694,0.0,0.0,406.2,17.321,47.765,16.078,0.0,95.474,0.0,0.0
407,0.0,0.0,0.099,0.0,0.628,0.0,6.362,17.291,1.548,0.0,5.82,58.265,0.141,0.121,0.173,16.237,45.43,0.123,57.742,0.0,23.508,13.112,19.309,0.0,0.061,23.881,0.0,30.077,0.626,0.0,2.399,0.0,6.57,0.0,0.0,9.691,268.921,86.501,113.344,0.0,15.504,0.0,0.0,249.909,0.0,0.363,0.265,24.88,0.0,0.0,0.0
411,2655.437,30.807,0.156,0.0,0.557,25.066,0.0,0.0,1.548,0.0,8.194,85.595,0.289,0.314,0.245,0.0,89.017,0.153,70.309,0.0,30.655,10.141,16.474,0.0,0.115,46.816,0.0,0.0,0.686,0.0,1.918,0.0,0.0,0.0,0.0,2.132,429.347,242.819,144.095,13.034,11.585,0.0,0.0,274.452,0.0,0.873,0.421,0.0,104.248,0.0,0.0
413,10859.894,210.983,0.169,0.0,0.531,0.905,0.0,0.0,1.548,0.0,0.0,256.794,0.331,0.366,0.264,0.0,387.401,0.154,171.714,0.0,89.858,0.0,0.0,0.0,0.127,219.286,0.0,0.0,0.692,0.0,1.805,0.0,0.0,0.0,0.0,2.42,1112.058,710.491,411.415,99.311,17.083,0.0,0.0,646.601,0.0,0.941,0.431,450.502,0.128,0.0,0.0
414,179.114,7.727,0.111,0.0,0.612,2.06,32.814,0.0,1.548,0.0,0.0,93.483,0.165,0.157,0.186,0.0,71.215,0.137,88.643,0.0,35.52,0.0,0.0,0.0,0.073,37.398,0.0,0.0,0.617,0.0,2.282,0.0,29.89,0.0,0.0,4.604,422.215,162.431,175.411,23.062,22.741,0.0,0.0,375.928,0.0,0.451,0.286,0.0,36.946,0.0,0.0
418,220.034,10.45,0.112,0.0,0.606,1.646,32.275,0.0,1.548,0.0,0.0,97.75,0.168,0.161,0.188,0.0,76.132,0.129,90.368,0.0,36.985,0.0,0.0,0.0,0.074,41.071,0.0,0.0,0.61,0.0,2.257,0.0,27.802,0.0,0.0,4.615,431.6,172.282,181.729,23.194,21.772,0.0,0.0,381.37,0.0,0.451,0.275,12.499,16.17,0.0,0.0
419,2700.012,33.941,0.154,0.0,0.556,23.513,0.0,0.0,1.548,0.0,8.171,87.364,0.281,0.304,0.241,0.0,92.55,0.148,70.138,0.0,31.332,10.105,16.405,0.0,0.112,49.867,0.0,0.0,0.671,0.0,1.915,0.0,0.0,0.0,0.0,2.027,419.678,238.316,147.011,13.523,10.903,0.0,0.0,273.976,0.0,0.819,0.392,14.838,72.201,0.0,0.0
431,3217.795,50.481,0.164,8.724,0.56,20.005,0.0,9.739,1.548,0.0,0.0,96.833,0.315,0.344,0.256,2.826,97.544,0.101,84.368,0.0,34.604,0.0,0.0,0.0,0.122,44.605,0.0,2.014,18.632,1.198,1.917,0.0,0.0,0.0,0.0,0.211,550.064,310.172,162.513,0.0,15.549,0.0,0.0,327.973,13.694,38.13,10.985,0.0,78.904,0.0,0.0
480,3514.67,50.036,0.242,7.204,0.0,20.647,0.0,4.703,1.548,0.0,0.0,85.183,0.574,0.663,0.435,0.0,86.935,0.084,74.367,0.0,30.092,0.0,0.0,0.0,0.132,42.129,0.0,0.0,16.188,2.015,3.701,0.0,0.0,0.0,0.0,0.0,502.397,286.056,142.083,0.0,7.985,0.199,0.0,287.554,12.05,35.439,7.074,0.0,78.511,0.0,0.0
493,1828.914,21.52,0.22,0.0,0.0,17.266,0.0,0.012,1.548,0.0,5.397,59.341,0.481,0.545,0.391,0.01,60.902,0.127,49.275,0.0,21.139,6.686,10.866,0.0,0.119,33.803,0.0,0.007,0.595,1.812,3.788,0.0,0.0,0.0,0.0,0.001,301.363,169.719,100.046,0.0,0.648,0.178,0.0,192.473,0.0,0.633,0.259,0.0,73.854,0.0,0.0
498,0.0,0.0,0.131,0.0,0.0,0.614,20.726,1.085,1.548,0.0,0.0,33.726,0.181,0.139,0.243,1.132,22.667,0.179,40.582,0.0,13.462,0.0,0.0,0.0,0.05,15.217,0.0,4.016,0.585,2.182,5.079,0.0,43.751,0.0,0.0,0.938,190.103,44.039,71.009,0.0,1.65,0.076,0.0,180.45,0.0,0.296,0.212,0.0,0.391,0.0,0.0
500,5482.194,108.063,0.245,0.0,0.0,0.0,0.0,1.14,1.548,0.0,0.0,142.768,0.581,0.683,0.441,0.986,215.113,0.116,95.288,0.0,49.86,0.0,0.0,0.0,0.135,121.97,0.0,0.689,0.614,3.381,3.408,0.0,0.0,0.0,0.0,0.084,612.605,391.079,228.759,0.0,1.577,0.202,0.0,359.027,0.0,0.714,0.291,233.407,0.0,0.0,0.0
501,0.0,0.0,0.131,0.0,0.0,0.0,19.299,2.177,1.548,0.0,0.0,36.541,0.182,0.14,0.243,2.215,24.838,0.171,42.391,0.0,14.504,0.0,0.0,0.0,0.05,16.195,0.0,7.545,0.707,2.044,5.034,0.0,33.992,0.0,0.0,1.731,198.309,48.639,75.831,0.0,2.661,0.077,0.0,187.726,0.0,0.358,0.356,3.813,0.0,0.0,0.0
506,251.75,12.762,0.162,0.0,0.0,0.0,15.521,1.265,1.548,0.0,0.0,67.667,0.272,0.268,0.289,1.112,59.386,0.117,56.312,0.0,24.988,0.0,0.0,0.0,0.078,35.353,0.0,0.943,0.56,2.157,4.253,0.0,12.05,0.0,0.0,0.406,275.167,129.747,120.598,0.0,1.758,0.117,0.0,231.501,0.0,0.424,0.2,31.541,0.0,0.0,0.0
507,201.38,6.302,0.162,0.0,0.0,2.157,15.896,0.013,1.548,0.0,0.0,53.738,0.271,0.267,0.289,0.011,42.372,0.135,49.96,0.0,20.058,0.0,0.0,0.0,0.078,24.696,0.0,0.01,0.567,2.66,4.39,0.0,13.569,0.0,0.0,0.005,244.984,105.03,98.506,0.0,0.679,0.117,0.0,208.434,0.0,0.436,0.212,0.0,29.619,0.0,0.0
517,0.0,0.0,0.097,0.0,0.671,0.613,20.872,0.763,1.548,0.0,0.0,33.047,0.132,0.11,0.169,0.806,22.181,0.175,40.059,0.0,13.3,0.0,0.0,0.0,0.057,15.073,0.0,3.028,0.581,2.202,2.557,0.0,46.041,0.0,0.0,0.688,188.258,42.825,69.854,0.0,1.334,0.0,0.0,178.455,0.0,0.292,0.207,0.0,0.37,0.0,0.0
519,5479.586,107.828,0.17,0.0,0.533,0.0,0.0,0.968,1.548,0.0,0.0,141.927,0.331,0.368,0.264,0.838,214.278,0.141,94.747,0.0,49.742,0.0,0.0,0.0,0.128,121.459,0.0,0.585,0.61,3.437,1.808,0.0,0.0,0.0,0.0,0.069,609.523,389.21,227.354,0.0,1.415,0.0,0.0,356.937,0.0,0.703,0.284,232.89,0.0,0.0,0.0
522,0.0,0.0,0.097,0.0,0.664,0.0,19.397,1.89,1.548,0.0,0.0,35.955,0.133,0.11,0.17,1.933,24.413,0.166,41.911,0.0,14.374,0.0,0.0,0.0,0.057,16.031,0.0,6.873,0.7,2.067,2.531,0.0,35.22,0.0,0.0,1.534,196.53,47.629,74.802,0.0,2.392,0.0,0.0,185.863,0.0,0.352,0.348,3.754,0.0,0.0,0.0
526,218.961,11.696,0.118,0.0,0.582,0.0,15.62,1.082,1.548,0.0,0.0,65.573,0.183,0.182,0.195,0.952,56.796,0.116,55.099,0.0,24.38,0.0,0.0,0.0,0.081,33.892,0.0,0.822,0.557,2.183,2.143,0.0,12.199,0.0,0.0,0.366,268.005,124.154,117.383,0.0,1.585,0.0,0.0,227.269,0.0,0.414,0.195,29.422,0.0,0.0,0.0
537,3984.871,60.773,0.0,10.837,0.918,25.168,0.0,12.054,1.548,0.0,0.0,99.873,6.902,6.672,0.097,3.509,98.515,0.125,77.457,0.0,32.205,0.0,0.0,0.0,0.117,47.057,0.0,2.488,24.006,0.0,0.0,0.0,0.0,0.0,0.0,0.25,601.157,341.552,167.942,0.0,18.922,0.16,0.0,297.162,16.049,51.589,13.541,0.0,105.268,4.775,118.985
539,3981.625,60.768,0.37,10.893,1.524,25.181,0.0,12.025,1.548,0.0,0.0,99.619,6.846,6.624,0.0,3.455,98.272,0.25,77.277,0.0,32.231,0.0,0.0,0.0,0.307,46.93,0.0,2.45,24.148,0.0,0.51,0.0,0.0,0.0,0.0,0.246,600.051,340.977,167.508,0.0,18.883,0.537,0.0,296.408,16.095,51.907,13.569,0.0,105.188,4.801,119.813
545,5097.314,68.634,0.35,10.611,1.44,30.673,0.0,6.818,1.548,0.0,0.0,82.262,14.472,13.796,0.0,0.0,78.544,0.242,53.117,0.0,22.016,0.0,0.0,0.0,0.297,43.369,0.0,0.0,25.918,0.0,0.492,0.0,0.0,0.0,0.0,0.0,561.181,323.398,138.479,0.0,10.974,0.524,0.0,198.821,15.846,63.124,10.008,0.0,125.008,9.81,231.968
549,5117.584,68.744,0.0,10.551,0.864,30.745,0.0,6.773,1.548,0.0,0.0,82.236,14.66,13.968,0.107,0.0,78.463,0.126,52.927,0.0,21.813,0.0,0.0,0.0,0.122,43.423,0.0,0.0,25.791,0.0,0.0,0.0,0.0,0.0,0.0,0.0,561.64,323.676,138.448,0.0,10.901,0.154,0.0,198.08,15.792,62.907,9.938,0.0,125.403,9.855,233.084
566,5455.372,105.285,0.247,0.0,0.0,1.065,0.0,0.0,1.548,0.0,0.0,136.147,0.588,0.692,0.444,0.0,206.635,0.108,90.778,0.0,47.522,0.0,0.0,0.0,0.136,117.114,0.0,0.0,0.569,3.681,3.405,0.0,0.0,0.0,0.0,0.0,587.202,375.157,217.934,0.0,0.486,0.204,0.0,341.719,0.0,0.593,0.218,223.018,0.151,0.0,0.0
567,1843.289,22.449,0.157,0.328,0.559,17.213,0.0,0.148,1.548,0.0,5.311,59.471,0.292,0.317,0.246,0.0,60.829,0.092,49.708,0.0,21.311,6.587,10.705,0.0,0.116,33.453,0.0,0.0,1.077,1.828,1.922,0.0,0.0,0.0,0.0,0.0,305.659,172.025,100.247,0.0,0.881,0.0,0.0,194.139,0.603,1.839,0.576,0.0,72.075,0.0,0.0
573,245.751,7.45,0.124,0.272,0.597,2.452,15.595,0.152,1.548,0.0,0.0,55.289,0.195,0.198,0.201,0.0,44.187,0.1,51.118,0.0,20.66,0.0,0.0,0.0,0.085,25.253,0.0,0.0,0.913,2.703,2.168,0.0,13.246,0.0,0.0,0.0,254.347,112.595,100.576,0.0,0.89,0.0,0.0,212.162,0.544,1.038,0.453,0.0,30.008,0.0,0.0
584,1830.946,21.53,0.22,0.0,0.0,17.27,0.0,0.0,1.548,0.0,5.393,59.323,0.481,0.545,0.391,0.0,60.892,0.127,49.26,0.0,21.132,6.682,10.859,0.0,0.119,33.801,0.0,0.0,0.594,1.814,3.788,0.0,0.0,0.0,0.0,0.0,301.336,169.718,100.012,0.0,0.633,0.178,0.0,192.406,0.0,0.631,0.257,0.0,73.861,0.0,0.0
588,1826.725,21.497,0.214,0.0,0.077,17.259,0.0,0.0,1.548,0.0,5.4,59.28,0.456,0.516,0.372,0.0,60.843,0.128,49.228,0.0,21.135,6.691,10.873,0.0,0.119,33.771,0.0,0.0,0.594,1.814,3.533,0.0,0.0,0.0,0.0,0.0,301.059,169.548,99.942,0.0,0.633,0.154,0.0,192.293,0.0,0.63,0.257,0.0,73.79,0.0,0.0
598,204.963,6.356,0.163,0.0,0.0,2.176,15.88,0.0,1.548,0.0,0.0,53.839,0.272,0.268,0.289,0.0,42.498,0.135,50.015,0.0,20.089,0.0,0.0,0.0,0.079,24.758,0.0,0.0,0.567,2.664,4.386,0.0,13.539,0.0,0.0,0.0,245.468,105.498,98.633,0.0,0.663,0.117,0.0,208.582,0.0,0.436,0.212,0.0,29.806,0.0,0.0
601,197.745,6.243,0.163,0.0,0.096,2.137,15.912,0.0,1.548,0.0,0.0,53.578,0.255,0.249,0.274,0.0,42.201,0.138,49.852,0.0,20.022,0.0,0.0,0.0,0.084,24.615,0.0,0.0,0.567,2.661,4.096,0.0,13.6,0.0,0.0,0.0,244.257,104.461,98.268,0.0,0.661,0.088,0.0,208.072,0.0,0.434,0.211,0.0,29.418,0.0,0.0
604,4642.058,124.111,0.0,13.276,0.948,0.0,0.0,35.114,1.548,0.0,0.0,257.393,0.095,0.083,0.098,19.742,307.599,0.125,180.668,0.0,89.662,0.0,0.0,0.0,0.132,178.769,0.0,14.383,20.078,0.0,0.0,47.079,0.0,0.0,0.0,1.605,1034.668,625.105,422.986,0.0,33.151,0.174,0.0,698.104,11.161,30.2,12.857,266.111,0.0,0.0,0.0
611,0.0,0.0,0.0,0.0,1.215,0.0,0.0,35.2,1.548,0.0,12.795,94.914,0.052,0.031,0.078,32.808,62.749,0.166,89.045,0.0,33.554,27.962,42.079,0.0,0.118,41.985,0.0,55.47,0.625,0.0,0.0,61.515,0.0,0.0,0.0,18.932,415.247,144.231,180.817,0.0,31.237,0.182,0.0,382.452,0.0,0.371,0.266,47.257,0.0,0.0,0.0
615,4619.835,123.585,0.401,13.269,1.591,0.0,0.0,34.948,1.548,0.0,0.0,256.306,0.0,0.0,0.0,19.618,306.231,0.272,180.059,0.0,89.446,0.0,0.0,0.0,0.359,178.041,0.0,14.293,20.097,0.0,0.586,46.705,0.0,0.0,0.0,1.59,1030.35,622.51,421.215,0.0,32.995,0.599,0.0,695.739,11.167,30.196,12.85,265.021,0.0,0.0,0.0
621,0.0,0.0,0.484,0.0,2.0,0.0,0.0,34.752,1.548,0.0,12.72,93.903,0.0,0.0,0.0,32.392,62.219,0.325,88.328,0.0,33.376,27.787,41.815,0.0,0.37,41.518,0.0,54.827,0.625,0.0,0.614,60.222,0.0,0.0,0.0,18.694,410.694,142.652,178.921,0.0,30.834,0.611,0.0,379.248,0.0,0.371,0.266,46.966,0.0,0.0,0.0
622,4258.486,103.486,0.0,7.114,0.917,0.0,0.0,18.69,1.548,0.0,0.0,186.202,0.096,0.082,0.098,10.928,243.009,0.111,129.753,0.0,66.128,0.0,0.0,0.0,0.118,137.237,0.0,7.876,11.277,0.0,0.0,0.0,0.0,0.0,0.0,0.761,766.915,473.998,304.838,0.0,16.767,0.159,0.0,497.861,6.13,17.465,5.958,222.262,0.0,0.0,0.0
627,3522.759,83.201,0.0,8.909,0.933,7.516,0.0,17.686,1.548,0.0,0.0,159.957,0.093,0.08,0.097,9.08,196.278,0.112,115.268,0.0,57.208,0.0,0.0,0.0,0.118,108.98,0.0,6.572,16.178,0.0,0.0,0.0,0.0,0.0,0.0,0.629,673.443,405.182,264.298,0.0,16.894,0.16,0.0,445.443,9.882,25.269,7.681,140.608,2.512,0.0,0.0
628,4019.116,63.012,0.0,11.009,0.944,24.743,0.0,12.221,1.548,0.0,0.0,120.74,0.111,0.098,0.104,3.527,122.702,0.127,104.525,0.0,43.262,0.0,0.0,0.0,0.125,53.636,0.0,2.514,23.418,0.0,0.0,0.0,0.0,0.0,0.0,0.578,681.301,385.011,202.495,6.302,26.738,0.16,0.0,406.146,17.378,48.008,16.142,0.0,95.347,0.0,0.0
631,0.0,0.0,0.0,0.0,1.254,9.955,0.0,13.427,1.548,0.0,9.154,41.59,0.052,0.031,0.078,12.699,31.51,0.187,43.42,0.0,16.982,16.177,25.826,0.0,0.12,15.456,0.0,20.804,0.59,0.0,0.0,2.917,0.0,0.0,0.0,7.751,202.51,61.874,82.14,0.0,13.375,0.183,0.0,188.899,0.0,0.346,0.224,0.0,8.84,0.0,0.0
632,0.0,0.0,0.0,6.719,1.265,3.692,12.829,23.104,1.548,0.0,0.0,63.662,0.051,0.03,0.078,16.374,47.094,0.194,67.45,0.0,25.801,0.0,0.0,0.0,0.121,21.596,0.0,29.708,12.33,0.0,0.0,0.0,18.796,0.0,0.0,10.026,315.225,93.138,126.662,0.0,22.648,0.184,0.0,294.417,2.333,9.186,5.726,0.0,4.484,0.0,0.0
633,2189.425,63.036,0.0,0.0,0.947,0.0,0.0,13.108,1.548,0.0,5.547,141.295,0.088,0.075,0.095,11.375,170.777,0.17,99.395,0.0,50.133,6.97,11.254,0.0,0.122,99.131,0.0,8.203,0.64,0.0,0.0,4.239,0.0,0.0,0.0,2.289,556.409,335.179,233.462,0.0,12.638,0.167,0.0,385.416,0.0,0.697,0.33,164.438,0.0,0.0,0.0
634,0.0,0.0,0.0,0.0,1.256,9.712,0.356,13.04,1.548,0.0,8.895,40.784,0.052,0.031,0.078,12.333,32.044,0.191,42.913,0.0,17.111,15.911,25.257,0.0,0.12,14.883,0.0,20.233,0.595,0.0,0.0,0.0,0.433,0.0,0.0,7.527,200.165,60.595,80.787,0.0,12.995,0.183,0.0,186.849,0.0,0.349,0.23,0.0,9.175,0.0,0.0
635,2279.888,64.137,0.0,0.0,0.938,0.0,0.0,12.415,1.548,0.0,5.222,139.207,0.088,0.073,0.094,10.771,171.25,0.164,97.897,0.0,49.606,6.529,10.516,0.0,0.116,98.681,0.0,7.747,0.635,0.0,0.0,0.0,0.0,0.0,0.0,1.948,551.713,334.512,229.957,0.0,11.67,0.161,0.0,379.072,0.0,0.69,0.322,165.331,0.0,0.0,0.0
638,0.0,0.0,0.0,6.57,1.252,0.0,12.628,24.13,1.548,0.0,0.0,69.29,0.051,0.03,0.078,17.241,52.424,0.155,70.553,0.0,27.952,0.0,0.0,0.0,0.119,26.282,0.0,34.251,10.668,0.0,0.0,0.0,14.065,0.0,0.0,10.313,329.367,101.464,136.207,0.0,21.304,0.183,0.0,306.767,1.808,7.71,5.222,15.538,0.0,0.0,0.0
640,2614.396,73.548,0.0,6.765,0.948,0.0,4.829,18.723,1.548,0.0,0.0,165.105,0.087,0.072,0.094,11.093,197.05,0.112,118.582,0.0,59.231,0.0,0.0,0.0,0.116,110.486,0.0,8.125,10.745,0.0,0.0,0.0,3.558,0.0,0.0,0.844,665.707,396.44,274.335,0.0,17.212,0.161,0.0,461.146,6.074,15.012,6.303,159.879,0.0,0.0,0.0
641,0.0,0.0,0.0,0.0,1.238,0.0,6.235,17.234,1.548,0.0,5.888,58.085,0.051,0.03,0.078,16.182,45.352,0.169,57.516,0.0,23.534,13.244,19.51,0.0,0.119,23.812,0.0,30.002,0.625,0.0,0.0,0.0,6.435,0.0,0.0,9.657,268.098,86.248,112.97,0.0,15.446,0.182,0.0,249.003,0.0,0.362,0.264,25.064,0.0,0.0,0.0
642,2082.89,60.393,0.0,0.0,0.944,0.0,0.572,12.447,1.548,0.0,5.226,136.428,0.086,0.072,0.094,10.803,165.336,0.163,96.4,0.0,48.697,6.539,10.538,0.0,0.116,95.261,0.0,7.797,0.632,0.0,0.0,0.0,0.421,0.0,0.0,2.01,538.404,324.275,225.944,0.0,11.707,0.161,0.0,374.157,0.0,0.677,0.317,157.578,0.0,0.0,0.0
644,2141.54,60.937,0.0,0.0,0.941,0.623,0.0,12.21,1.548,0.0,5.425,135.201,0.087,0.072,0.094,10.595,164.794,0.163,95.392,0.0,48.233,6.784,10.93,0.0,0.116,94.935,0.0,7.635,0.633,0.0,0.0,0.0,0.0,0.0,0.0,1.947,534.876,322.956,223.691,0.0,11.496,0.161,0.0,369.897,0.0,0.682,0.319,156.754,0.148,0.0,0.0
670,5456.778,105.467,0.171,0.0,0.533,0.905,0.0,0.0,1.548,0.0,0.0,136.298,0.334,0.371,0.266,0.0,207.071,0.133,90.912,0.0,47.755,0.0,0.0,0.0,0.129,117.331,0.0,0.0,0.569,3.694,1.807,0.0,0.0,0.0,0.0,0.0,587.924,375.67,218.149,0.0,0.486,0.0,0.0,342.223,0.0,0.594,0.218,224.063,0.127,0.0,0.0
672,2744.827,49.897,0.0,10.952,0.964,18.96,0.0,17.439,1.548,0.0,0.0,114.031,0.102,0.089,0.1,7.402,112.412,0.129,99.182,0.0,41.249,0.0,0.0,0.0,0.123,48.2,0.0,5.306,22.138,0.0,0.0,0.0,0.0,0.0,0.0,0.61,616.137,341.635,193.133,0.0,26.746,0.161,0.0,388.65,15.9,40.991,16.255,0.0,78.649,0.0,0.0
673,3208.12,50.393,0.0,8.759,0.946,19.974,0.0,9.692,1.548,0.0,0.0,96.579,0.111,0.098,0.104,2.769,97.32,0.128,84.173,0.0,34.626,0.0,0.0,0.0,0.125,44.461,0.0,1.974,18.715,1.209,0.0,0.0,0.0,0.0,0.0,0.206,548.851,309.494,162.069,0.0,15.488,0.16,0.0,327.244,13.719,38.29,10.994,0.0,78.638,0.0,0.0
691,98.835,5.557,0.0,0.0,1.13,12.392,0.0,10.343,1.548,0.0,8.4,56.272,0.06,0.041,0.082,9.203,46.917,0.159,49.874,0.0,21.486,10.807,17.794,0.0,0.116,25.144,0.0,8.263,0.56,0.0,0.0,0.0,0.0,0.0,0.0,3.992,240.112,103.143,102.763,0.0,11.13,0.175,0.0,208.262,0.0,0.405,0.2,0.0,40.597,0.0,0.0
697,3513.251,83.17,0.375,8.949,1.548,7.429,0.0,17.713,1.548,0.0,0.0,159.988,0.0,0.0,0.0,9.075,196.405,0.237,115.393,0.0,57.386,0.0,0.0,0.0,0.308,109.019,0.0,6.569,16.249,0.0,0.511,0.0,0.0,0.0,0.0,0.628,673.235,405.119,264.338,0.0,16.912,0.538,0.0,445.909,9.9,25.354,7.705,141.019,2.468,0.0,0.0
698,4240.64,103.203,0.369,7.177,1.523,0.0,0.0,18.707,1.548,0.0,0.0,185.915,0.0,0.0,0.0,10.902,242.555,0.234,129.708,0.0,66.207,0.0,0.0,0.0,0.305,136.922,0.0,7.858,11.407,0.0,0.506,0.0,0.0,0.0,0.0,0.758,765.645,473.126,304.389,0.0,16.788,0.534,0.0,497.714,6.198,17.656,6.004,221.653,0.0,0.0,0.0
699,2614.63,73.58,0.38,6.829,1.571,0.0,4.775,18.74,1.548,0.0,0.0,165.045,0.0,0.0,0.0,11.064,197.09,0.239,118.66,0.0,59.372,0.0,0.0,0.0,0.311,110.454,0.0,8.104,10.865,0.0,0.516,0.0,3.519,0.0,0.0,0.839,665.491,396.394,274.214,0.0,17.238,0.541,0.0,461.401,6.138,15.168,6.365,159.959,0.0,0.0,0.0
700,0.0,0.0,0.497,6.643,2.06,0.0,12.566,24.145,1.548,0.0,0.0,69.225,0.0,0.0,0.0,17.195,52.417,0.317,70.688,0.0,28.066,0.0,0.0,0.0,0.375,26.249,0.0,34.219,10.781,0.0,0.623,0.0,13.991,0.0,0.0,10.283,328.699,101.34,136.083,0.0,21.296,0.618,0.0,307.186,1.831,7.788,5.267,15.637,0.0,0.0,0.0
701,4016.191,63.033,0.381,11.067,1.57,24.753,0.0,12.193,1.548,0.0,0.0,120.677,0.0,0.0,0.0,3.473,122.679,0.252,104.601,0.0,43.384,0.0,0.0,0.0,0.314,53.557,0.0,2.475,23.549,0.0,0.52,0.0,0.0,0.0,0.0,0.576,680.982,384.868,202.376,6.36,26.782,0.545,0.0,406.414,17.438,48.267,16.208,0.0,95.202,0.0,0.0
706,2124.054,60.694,0.378,0.0,1.561,0.506,0.0,12.211,1.548,0.0,5.454,134.988,0.0,0.0,0.0,10.597,164.509,0.29,95.372,0.0,48.326,6.821,10.99,0.0,0.309,94.745,0.0,7.638,0.633,0.0,0.514,0.0,0.0,0.0,0.0,1.949,533.703,322.218,223.35,0.0,11.496,0.54,0.0,369.832,0.0,0.681,0.319,156.89,0.12,0.0,0.0
708,2236.556,63.299,0.377,0.0,1.556,0.0,0.0,12.378,1.548,0.0,5.289,138.25,0.0,0.0,0.0,10.74,169.765,0.289,97.412,0.0,49.445,6.613,10.653,0.0,0.309,97.795,0.0,7.728,0.635,0.0,0.513,0.0,0.0,0.0,0.0,1.949,547.415,331.631,228.452,0.0,11.637,0.539,0.0,377.3,0.0,0.688,0.322,163.866,0.0,0.0,0.0
709,2162.985,62.401,0.386,0.0,1.575,0.0,0.0,12.941,1.548,0.0,5.553,139.938,0.0,0.0,0.0,11.231,169.16,0.302,98.627,0.0,49.839,6.972,11.252,0.0,0.326,98.226,0.0,8.099,0.639,0.0,0.538,3.622,0.0,0.0,0.0,2.225,551.192,332.126,231.291,0.0,12.418,0.56,0.0,382.45,0.0,0.693,0.328,163.138,0.0,0.0,0.0
711,0.0,0.0,0.491,0.0,2.036,0.0,6.099,17.17,1.548,0.0,5.96,57.865,0.0,0.0,0.0,16.12,45.241,0.329,57.479,0.0,23.586,13.384,19.726,0.0,0.371,23.727,0.0,29.907,0.624,0.0,0.617,0.0,6.29,0.0,0.0,9.616,266.665,85.911,112.531,0.0,15.378,0.613,0.0,248.673,0.0,0.361,0.263,25.255,0.0,0.0,0.0
712,2076.348,60.248,0.379,0.0,1.563,0.0,0.465,12.404,1.548,0.0,5.292,135.982,0.0,0.0,0.0,10.766,164.942,0.29,96.19,0.0,48.701,6.622,10.671,0.0,0.31,95.005,0.0,7.77,0.632,0.0,0.514,0.0,0.342,0.0,0.0,2.0,536.556,323.278,225.177,0.0,11.668,0.54,0.0,373.29,0.0,0.677,0.317,157.551,0.0,0.0,0.0
714,5196.273,73.963,0.0,10.935,0.931,30.04,0.0,7.126,1.548,0.0,0.0,125.743,0.118,0.105,0.107,0.0,130.596,0.127,108.478,0.0,44.744,0.0,0.0,0.0,0.127,57.978,0.0,0.0,24.353,0.0,0.0,0.0,0.0,0.0,0.0,0.56,731.959,418.354,209.496,12.576,26.669,0.158,0.0,419.125,18.46,53.471,16.031,0.0,109.192,0.0,0.0
722,3197.798,50.299,0.382,8.796,1.573,19.941,0.0,9.641,1.548,0.0,0.0,96.293,0.0,0.0,0.0,2.708,97.06,0.253,84.064,0.0,34.667,0.0,0.0,0.0,0.314,44.301,0.0,1.93,18.804,1.221,0.52,0.0,0.0,0.0,0.0,0.201,547.327,308.664,161.578,0.0,15.42,0.545,0.0,326.792,13.746,38.461,11.002,0.0,78.343,0.0,0.0
723,2730.144,49.773,0.389,11.008,1.602,18.918,0.0,17.463,1.548,0.0,0.0,113.898,0.0,0.0,0.0,7.383,112.286,0.256,99.205,0.0,41.348,0.0,0.0,0.0,0.318,48.07,0.0,5.293,22.249,0.0,0.526,0.0,0.0,0.0,0.0,0.608,615.108,341.026,192.918,0.0,26.787,0.549,0.0,388.74,15.937,41.136,16.322,0.0,78.359,0.0,0.0
725,5175.633,73.836,0.376,10.993,1.55,29.969,0.0,7.171,1.548,0.0,0.0,125.609,0.0,0.0,0.0,0.0,130.458,0.249,108.498,0.0,44.847,0.0,0.0,0.0,0.311,57.834,0.0,0.0,24.477,0.0,0.515,0.0,0.0,0.0,0.0,0.558,730.946,417.751,209.277,12.538,26.715,0.542,0.0,419.207,18.51,53.684,16.1,0.0,108.831,0.0,0.0
726,10644.805,208.491,0.0,0.0,0.887,0.0,0.0,0.797,1.548,0.0,0.0,256.413,0.117,0.107,0.107,0.69,386.145,0.185,171.515,0.0,89.914,0.0,0.0,0.0,0.133,218.572,0.0,0.481,0.692,0.0,0.0,0.0,0.0,0.0,0.0,2.431,1108.191,707.861,410.905,94.17,17.107,0.165,0.0,646.061,0.0,0.938,0.43,448.893,0.0,0.0,0.0
728,1839.197,24.072,0.153,0.0,0.556,15.77,0.0,0.0,1.548,0.0,5.417,60.858,0.278,0.302,0.24,0.0,64.222,0.133,48.932,0.0,21.856,6.704,10.885,0.0,0.112,36.232,0.0,0.0,0.58,1.737,1.918,0.0,0.0,0.0,0.0,0.0,290.894,164.794,102.522,0.0,0.577,0.0,0.0,191.324,0.0,0.584,0.235,13.278,44.824,0.0,0.0
729,0.0,0.0,0.503,6.799,2.081,3.728,12.752,23.112,1.548,0.0,0.0,63.554,0.0,0.0,0.0,16.317,47.05,0.358,67.559,0.0,25.901,0.0,0.0,0.0,0.379,21.54,0.0,29.651,12.463,0.0,0.63,0.0,18.673,0.0,0.0,9.991,314.398,92.939,126.463,0.0,22.64,0.622,0.0,294.726,2.361,9.281,5.781,0.0,4.511,0.0,0.0
732,0.0,0.0,0.0,0.0,1.333,0.623,40.763,0.777,1.548,0.0,0.0,63.452,0.05,0.028,0.077,0.943,42.752,0.23,74.812,0.0,25.489,0.0,0.0,0.0,0.125,25.673,0.0,2.888,0.64,0.0,0.0,0.0,91.788,0.0,0.0,11.005,354.418,82.53,133.097,22.679,20.384,0.189,0.0,333.109,0.0,0.316,0.276,0.0,0.386,0.0,0.0
733,0.0,0.0,0.0,0.0,1.32,0.0,38.165,2.538,1.548,0.0,0.0,66.039,0.05,0.028,0.077,2.893,44.909,0.224,75.729,0.0,26.395,0.0,0.0,0.0,0.124,26.281,0.0,8.335,0.812,0.0,0.0,0.0,73.572,0.0,0.0,12.207,357.47,87.474,136.867,20.945,21.115,0.188,0.0,335.915,0.0,0.397,0.479,3.743,0.0,0.0,0.0
736,1799.28,21.287,0.157,0.0,0.559,17.184,0.0,0.0,1.548,0.0,5.447,58.997,0.289,0.314,0.245,0.0,60.523,0.139,49.022,0.0,21.15,6.749,10.969,0.0,0.115,33.572,0.0,0.0,0.594,1.811,1.922,0.0,0.0,0.0,0.0,0.0,299.263,168.439,99.484,0.0,0.633,0.0,0.0,191.563,0.0,0.63,0.257,0.0,73.327,0.0,0.0
738,0.0,0.0,0.498,0.0,2.063,9.913,0.0,13.081,1.548,0.0,9.103,40.734,0.0,0.0,0.0,12.371,31.551,0.351,42.927,0.0,17.035,16.169,25.741,0.0,0.376,14.986,0.0,20.29,0.592,0.0,0.625,1.223,0.0,0.0,0.0,7.549,198.909,60.532,80.591,0.0,13.03,0.619,0.0,186.674,0.0,0.347,0.227,0.0,9.048,0.0,0.0
742,215.542,13.947,0.0,0.0,1.137,0.0,31.117,1.072,1.548,0.0,0.0,106.738,0.058,0.039,0.081,0.997,87.19,0.16,93.591,0.0,40.187,0.0,0.0,0.0,0.116,49.363,0.0,0.884,0.588,0.0,0.0,0.0,25.279,0.0,0.0,4.94,447.521,189.797,195.192,22.238,19.835,0.176,0.0,391.717,0.0,0.43,0.24,35.356,0.0,0.0,0.0
743,339.633,11.791,0.0,0.554,1.132,3.06,31.362,0.314,1.548,0.0,0.0,101.571,0.062,0.043,0.083,0.0,80.547,0.141,93.479,0.0,38.221,0.0,0.0,0.0,0.118,40.356,0.0,0.0,1.465,0.0,0.0,0.0,27.297,0.0,0.0,3.971,457.461,195.282,186.222,22.444,24.092,0.175,0.0,390.559,1.271,2.045,1.037,0.0,42.414,0.0,0.0
744,2716.705,33.035,0.0,0.637,0.954,25.012,0.0,0.299,1.548,0.0,7.948,86.322,0.101,0.088,0.1,0.0,89.421,0.12,71.476,0.0,31.02,9.85,16.0,0.0,0.122,46.19,0.0,0.0,1.724,0.0,0.0,0.0,0.0,0.0,0.0,1.324,440.277,248.863,145.27,12.869,12.435,0.161,0.0,278.889,1.298,3.757,1.711,0.0,100.775,0.0,0.0
745,54.068,3.962,0.458,0.0,1.899,12.052,0.0,10.639,1.548,0.0,8.48,53.095,0.0,0.0,0.0,9.539,43.31,0.31,48.245,0.0,20.594,11.019,18.181,0.0,0.354,23.169,0.0,9.275,0.549,0.0,0.588,0.0,0.0,0.0,0.0,4.399,228.449,93.027,98.17,0.0,11.16,0.593,0.0,202.983,0.0,0.373,0.183,0.0,35.199,0.0,0.0
748,0.0,0.0,0.498,0.0,2.065,9.818,0.141,12.925,1.548,0.0,9.0,40.402,0.0,0.0,0.0,12.223,31.812,0.353,42.722,0.0,17.101,16.071,25.52,0.0,0.376,14.743,0.0,20.058,0.594,0.0,0.624,0.0,0.172,0.0,0.0,7.457,197.963,60.007,80.039,0.0,12.875,0.619,0.0,185.851,0.0,0.349,0.229,0.0,9.209,0.0,0.0
750,10870.076,211.34,0.0,0.0,0.886,0.745,0.0,0.0,1.548,0.0,0.0,257.125,0.118,0.107,0.107,0.0,388.094,0.186,171.956,0.0,90.149,0.0,0.0,0.0,0.133,219.635,0.0,0.0,0.692,0.0,0.0,0.0,0.0,0.0,0.0,2.425,1113.553,711.47,411.92,99.657,17.113,0.165,0.0,647.523,0.0,0.941,0.432,451.922,0.105,0.0,0.0
752,194.067,10.699,0.0,0.0,1.164,1.231,32.302,0.0,1.548,0.0,0.0,98.009,0.057,0.037,0.081,0.0,76.525,0.168,90.155,0.0,37.199,0.0,0.0,0.0,0.117,42.018,0.0,0.0,0.602,0.0,0.0,0.0,27.608,0.0,0.0,4.666,429.314,170.435,182.3,23.295,21.171,0.178,0.0,380.843,0.0,0.435,0.262,17.531,8.8,0.0,0.0
753,2703.266,36.038,0.0,0.0,0.958,22.452,0.0,0.0,1.548,0.0,8.193,88.671,0.095,0.081,0.097,0.0,95.307,0.174,70.126,0.0,31.928,10.128,16.434,0.0,0.12,51.996,0.0,0.0,0.663,0.0,0.0,0.0,0.0,0.0,0.0,1.95,415.13,236.752,149.047,13.924,10.514,0.161,0.0,273.937,0.0,0.791,0.377,24.037,55.196,0.0,0.0
764,188.44,7.69,0.117,0.0,0.598,1.478,15.853,0.0,1.548,0.0,0.0,54.765,0.18,0.178,0.194,0.0,43.888,0.123,49.742,0.0,20.575,0.0,0.0,0.0,0.079,26.128,0.0,0.0,0.555,2.489,2.203,0.0,13.044,0.0,0.0,0.0,241.208,102.973,100.317,0.0,0.59,0.0,0.0,207.785,0.0,0.405,0.194,10.024,10.145,0.0,0.0
766,149.886,5.451,0.117,0.0,0.605,1.877,16.14,0.0,1.548,0.0,0.0,51.635,0.179,0.176,0.193,0.0,40.03,0.133,48.641,0.0,19.477,0.0,0.0,0.0,0.079,23.577,0.0,0.0,0.563,2.636,2.23,0.0,14.074,0.0,0.0,0.0,235.609,96.91,95.56,0.0,0.652,0.0,0.0,204.294,0.0,0.414,0.205,0.0,26.703,0.0,0.0
809,5476.987,107.592,0.0,0.0,0.889,0.0,0.0,0.797,1.548,0.0,0.0,141.088,0.118,0.108,0.108,0.69,213.454,0.174,94.19,0.0,49.62,0.0,0.0,0.0,0.136,120.94,0.0,0.482,0.605,3.499,0.0,0.0,0.0,0.0,0.0,0.055,606.437,387.321,225.948,0.0,1.253,0.167,0.0,354.798,0.0,0.691,0.276,232.372,0.0,0.0,0.0
812,0.0,0.0,0.0,0.0,1.343,0.612,21.061,0.417,1.548,0.0,0.0,32.305,0.05,0.028,0.077,0.449,21.65,0.234,39.506,0.0,13.116,0.0,0.0,0.0,0.126,14.93,0.0,1.787,0.579,2.219,0.0,0.0,49.271,0.0,0.0,0.401,186.4,41.487,68.61,0.0,0.992,0.19,0.0,176.367,0.0,0.288,0.205,0.0,0.351,0.0,0.0
815,0.0,0.0,0.0,0.0,1.324,0.0,19.511,1.596,1.548,0.0,0.0,35.347,0.05,0.028,0.077,1.643,23.971,0.221,41.421,0.0,14.235,0.0,0.0,0.0,0.124,15.864,0.0,6.124,0.693,2.09,0.0,0.0,36.7,0.0,0.0,1.328,194.745,46.576,73.742,0.0,2.117,0.188,0.0,183.967,0.0,0.347,0.339,3.689,0.0,0.0,0.0
816,185.159,10.54,0.0,0.0,1.107,0.0,15.726,0.9,1.548,0.0,0.0,63.308,0.061,0.042,0.083,0.794,54.023,0.154,53.798,0.0,23.702,0.0,0.0,0.0,0.115,32.336,0.0,0.699,0.554,2.21,0.0,0.0,12.375,0.0,0.0,0.315,260.413,118.101,113.921,0.0,1.408,0.174,0.0,222.761,0.0,0.404,0.191,27.183,0.0,0.0,0.0
838,1861.865,23.359,0.0,0.571,0.956,17.185,0.0,0.289,1.548,0.0,5.206,59.772,0.102,0.089,0.1,0.0,60.944,0.121,50.248,0.0,21.524,6.464,10.506,0.0,0.123,33.263,0.0,0.0,1.545,1.842,0.0,0.0,0.0,0.0,0.0,0.0,310.693,174.778,100.728,0.0,1.077,0.161,0.0,196.228,1.173,2.876,0.754,0.0,70.731,0.0,0.0
846,299.862,8.648,0.0,0.497,1.099,2.821,15.239,0.301,1.548,0.0,0.0,56.98,0.068,0.05,0.086,0.0,46.193,0.138,52.356,0.0,21.294,0.0,0.0,0.0,0.118,25.961,0.0,0.0,1.273,2.727,0.0,0.0,12.844,0.0,0.0,0.0,264.54,120.625,102.879,0.0,1.12,0.173,0.0,216.184,1.021,1.549,0.669,0.0,31.263,0.0,0.0
853,3484.204,49.914,0.0,7.332,0.934,20.56,0.0,4.8,1.548,0.0,0.0,85.142,0.118,0.105,0.107,0.0,86.905,0.128,74.402,0.0,30.327,0.0,0.0,0.0,0.127,41.949,0.0,0.0,16.461,2.008,0.0,0.0,0.0,0.0,0.0,0.0,502.016,285.758,142.013,0.0,8.146,0.158,0.0,287.795,12.175,35.93,7.223,0.0,77.998,0.0,0.0
860,5458.195,105.649,0.0,0.0,0.888,0.745,0.0,0.0,1.548,0.0,0.0,136.451,0.119,0.109,0.108,0.0,207.519,0.167,91.032,0.0,47.984,0.0,0.0,0.0,0.136,117.54,0.0,0.0,0.569,3.714,0.0,0.0,0.0,0.0,0.0,0.0,588.643,376.164,218.365,0.0,0.486,0.168,0.0,342.679,0.0,0.594,0.218,225.105,0.104,0.0,0.0
870,2621.722,30.543,0.0,0.0,0.956,24.961,0.0,0.0,1.548,0.0,8.241,85.211,0.1,0.086,0.099,0.0,88.587,0.181,70.011,0.0,30.639,10.2,16.571,0.0,0.122,46.558,0.0,0.0,0.686,0.0,0.0,0.0,0.0,0.0,0.0,2.132,426.994,241.38,143.468,12.988,11.561,0.161,0.0,273.382,0.0,0.871,0.421,0.0,103.64,0.0,0.0
872,0.0,0.0,0.504,0.0,2.156,0.625,41.554,0.0,1.548,0.0,0.0,62.279,0.003,0.002,0.005,0.0,41.812,0.409,74.587,0.0,25.218,0.0,0.0,0.0,0.393,25.747,0.0,0.0,0.65,0.0,0.638,0.0,101.739,0.0,0.0,10.085,353.059,80.146,131.451,24.855,19.702,0.625,0.0,332.581,0.0,0.317,0.289,0.0,0.383,0.0,0.0
877,112.973,6.111,0.0,0.0,1.201,1.728,33.423,0.0,1.548,0.0,0.0,88.449,0.055,0.034,0.08,0.0,65.893,0.178,85.897,0.0,33.956,0.0,0.0,0.0,0.118,35.344,0.0,0.0,0.602,0.0,0.0,0.0,31.911,0.0,0.0,4.77,405.401,145.692,168.419,23.132,22.178,0.18,0.0,367.448,0.0,0.406,0.261,0.0,32.337,0.0,0.0
880,1838.487,25.744,0.0,0.0,0.959,14.923,0.0,0.0,1.548,0.0,5.44,62.127,0.094,0.08,0.097,0.0,66.853,0.159,49.02,0.0,22.43,6.728,10.917,0.0,0.12,37.965,0.0,0.0,0.574,1.709,0.0,0.0,0.0,0.0,0.0,0.0,288.101,164.233,104.472,0.0,0.551,0.162,0.0,191.613,0.0,0.563,0.225,20.469,32.415,0.0,0.0
882,10707.194,209.526,0.372,0.0,1.489,0.0,0.0,0.615,1.548,0.0,0.0,256.9,0.0,0.0,0.0,0.532,387.214,0.317,171.95,0.0,90.278,0.0,0.0,0.0,0.332,219.209,0.0,0.371,0.692,0.0,0.544,0.0,0.0,0.0,0.0,2.428,1110.875,709.75,411.65,95.766,17.124,0.567,0.0,647.627,0.0,0.938,0.43,451.11,0.0,0.0,0.0
887,0.0,0.0,0.527,0.0,2.176,0.0,38.59,2.096,1.548,0.0,0.0,65.563,0.0,0.0,0.0,2.419,44.515,0.398,75.796,0.0,26.371,0.0,0.0,0.0,0.394,26.251,0.0,7.147,0.811,0.0,0.656,0.0,76.854,0.0,0.0,12.055,356.7,86.439,136.223,21.343,20.917,0.641,0.0,336.287,0.0,0.394,0.478,3.677,0.0,0.0,0.0
888,1767.616,21.045,0.0,0.0,0.959,17.098,0.0,0.0,1.548,0.0,5.501,58.671,0.099,0.086,0.099,0.0,60.155,0.167,48.772,0.0,21.153,6.817,11.08,0.0,0.122,33.344,0.0,0.0,0.593,1.807,0.0,0.0,0.0,0.0,0.0,0.0,297.199,167.159,98.956,0.0,0.633,0.161,0.0,190.681,0.0,0.628,0.257,0.0,72.794,0.0,0.0
890,173.616,12.175,0.457,0.0,1.892,0.0,31.498,0.859,1.548,0.0,0.0,103.692,0.0,0.0,0.0,0.809,83.437,0.312,92.321,0.0,39.3,0.0,0.0,0.0,0.353,47.251,0.0,0.736,0.588,0.0,0.586,0.0,25.952,0.0,0.0,4.935,438.464,181.013,190.842,22.49,19.934,0.592,0.0,387.848,0.0,0.42,0.238,32.361,0.0,0.0,0.0
896,2734.35,33.96,0.384,0.89,1.584,24.957,0.0,0.447,1.548,0.0,7.829,86.636,0.0,0.0,0.0,0.0,89.593,0.247,72.105,0.0,31.271,9.709,15.773,0.0,0.315,45.882,0.0,0.0,2.217,0.0,0.522,0.0,0.0,0.0,0.0,1.165,444.919,251.454,145.772,12.78,12.837,0.546,0.0,281.255,1.9,4.863,2.203,0.0,99.166,0.0,0.0
897,399.295,13.212,0.447,0.799,1.847,3.472,30.786,0.475,1.548,0.0,0.0,103.676,0.0,0.0,0.0,0.0,83.184,0.288,94.961,0.0,39.015,0.0,0.0,0.0,0.348,41.161,0.0,0.0,1.912,0.0,0.578,0.0,26.531,0.0,0.0,3.749,468.12,205.107,188.937,22.167,24.455,0.586,0.0,394.965,1.805,2.811,1.401,0.0,44.197,0.0,0.0
900,2700.369,37.656,0.385,0.0,1.587,21.679,0.0,0.0,1.548,0.0,8.218,89.767,0.0,0.0,0.0,0.0,97.622,0.3,70.33,0.0,32.467,10.156,16.473,0.0,0.314,53.673,0.0,0.0,0.658,0.0,0.521,0.0,0.0,0.0,0.0,1.891,412.843,236.427,150.714,14.282,10.261,0.545,0.0,274.603,0.0,0.774,0.367,30.618,44.802,0.0,0.0
901,10880.977,211.724,0.372,0.0,1.488,0.575,0.0,0.0,1.548,0.0,0.0,257.448,0.0,0.0,0.0,0.0,388.714,0.317,172.289,0.0,90.459,0.0,0.0,0.0,0.332,220.027,0.0,0.0,0.692,0.0,0.544,0.0,0.0,0.0,0.0,2.424,1115.002,712.528,412.431,100.014,17.128,0.567,0.0,648.751,0.0,0.941,0.431,453.449,0.081,0.0,0.0
904,160.289,10.172,0.465,0.0,1.926,0.895,32.413,0.0,1.548,0.0,0.0,97.322,0.0,0.0,0.0,0.0,75.799,0.319,89.773,0.0,37.123,0.0,0.0,0.0,0.358,42.132,0.0,0.0,0.596,0.0,0.594,0.0,27.769,0.0,0.0,4.715,424.867,166.558,181.469,23.373,20.781,0.597,0.0,379.794,0.0,0.419,0.251,20.187,5.123,0.0,0.0
909,0.0,0.0,0.508,0.0,2.169,0.619,21.336,0.0,1.548,0.0,0.0,31.38,0.003,0.002,0.005,0.0,20.984,0.416,39.11,0.0,12.92,0.0,0.0,0.0,0.396,14.801,0.0,0.0,0.617,2.233,0.643,0.0,54.696,0.0,0.0,0.0,183.721,39.795,67.107,0.0,0.553,0.628,0.0,174.762,0.0,0.302,0.249,0.0,0.368,0.0,0.0
912,90.907,4.29,0.0,0.0,1.177,1.563,16.485,0.0,1.548,0.0,0.0,48.477,0.057,0.038,0.081,0.0,36.633,0.174,46.748,0.0,18.539,0.0,0.0,0.0,0.118,22.0,0.0,0.0,0.556,2.582,0.0,0.0,14.962,0.0,0.0,0.0,222.925,85.309,91.168,0.0,0.632,0.179,0.0,198.388,0.0,0.382,0.194,0.0,22.896,0.0,0.0
914,164.726,7.878,0.0,0.0,1.135,1.112,15.897,0.0,1.548,0.0,0.0,55.088,0.06,0.041,0.082,0.0,44.399,0.16,49.565,0.0,20.806,0.0,0.0,0.0,0.117,26.643,0.0,0.0,0.55,2.428,0.0,0.0,12.984,0.0,0.0,0.0,239.081,101.568,100.923,0.0,0.563,0.176,0.0,207.296,0.0,0.392,0.186,13.507,5.364,0.0,0.0
927,3467.962,49.847,0.378,7.401,1.554,20.514,0.0,4.851,1.548,0.0,0.0,85.107,0.0,0.0,0.0,0.0,86.871,0.25,74.508,0.0,30.464,0.0,0.0,0.0,0.312,41.847,0.0,0.0,16.605,2.004,0.517,0.0,0.0,0.0,0.0,0.0,501.585,285.487,141.959,0.0,8.23,0.543,0.0,288.211,12.241,36.188,7.302,0.0,77.715,0.0,0.0
939,5474.242,107.345,0.376,0.0,1.496,0.0,0.0,0.615,1.548,0.0,0.0,140.159,0.0,0.0,0.0,0.532,212.449,0.308,93.671,0.0,49.489,0.0,0.0,0.0,0.341,120.405,0.0,0.371,0.599,3.533,0.557,0.0,0.0,0.0,0.0,0.04,602.992,385.309,224.417,0.0,1.077,0.577,0.0,352.764,0.0,0.674,0.266,231.828,0.0,0.0,0.0
942,147.419,9.154,0.446,0.0,1.845,0.0,15.85,0.705,1.548,0.0,0.0,60.595,0.0,0.0,0.0,0.624,50.743,0.302,52.438,0.0,22.904,0.0,0.0,0.0,0.347,30.509,0.0,0.566,0.55,2.239,0.576,0.0,12.61,0.0,0.0,0.257,251.246,110.818,109.803,0.0,1.216,0.584,0.0,218.051,0.0,0.391,0.186,24.595,0.0,0.0,0.0
943,0.0,0.0,0.528,0.0,2.183,0.0,19.649,1.273,1.548,0.0,0.0,34.635,0.0,0.0,0.0,1.32,23.451,0.396,41.119,0.0,14.113,0.0,0.0,0.0,0.396,15.671,0.0,5.208,0.686,2.113,0.659,0.0,38.632,0.0,0.0,1.092,192.076,45.332,72.522,0.0,1.813,0.643,0.0,182.62,0.0,0.341,0.33,3.609,0.0,0.0,0.0
953,0.0,0.0,0.534,0.014,2.206,0.628,41.543,0.01,1.548,0.0,0.0,62.27,0.0,0.0,0.0,0.0,41.813,0.41,74.591,0.0,25.225,0.0,0.0,0.0,0.399,25.742,0.0,0.0,0.664,0.0,0.664,0.0,101.72,0.0,0.0,10.079,352.994,80.132,131.433,24.847,19.701,0.647,0.0,332.587,0.003,0.328,0.297,0.0,0.388,0.0,0.0
963,1881.503,24.21,0.385,0.81,1.587,17.17,0.0,0.436,1.548,0.0,5.095,60.141,0.0,0.0,0.0,0.0,61.164,0.248,50.921,0.0,21.791,6.332,10.291,0.0,0.315,33.137,0.0,0.0,2.028,1.854,0.523,0.0,0.0,0.0,0.0,0.0,315.522,177.473,101.32,0.0,1.288,0.547,0.0,198.769,1.706,3.916,0.946,0.0,69.634,0.0,0.0
966,0.0,0.0,0.538,0.014,2.219,0.623,21.329,0.01,1.548,0.0,0.0,31.377,0.0,0.0,0.0,0.0,20.989,0.418,39.121,0.0,12.929,0.0,0.0,0.0,0.403,14.797,0.0,0.0,0.629,2.232,0.669,0.0,54.684,0.0,0.0,0.0,183.691,39.79,67.103,0.0,0.559,0.65,0.0,174.803,0.003,0.312,0.255,0.0,0.372,0.0,0.0
973,356.631,9.814,0.434,0.724,1.793,3.211,14.869,0.455,1.548,0.0,0.0,58.513,0.0,0.0,0.0,0.0,48.06,0.282,53.653,0.0,21.917,0.0,0.0,0.0,0.342,26.625,0.0,0.0,1.659,2.737,0.567,0.0,12.44,0.0,0.0,0.0,273.935,128.034,104.977,0.0,1.364,0.579,0.0,220.407,1.461,2.099,0.901,0.0,32.694,0.0,0.0
975,5459.738,105.846,0.377,0.0,1.495,0.575,0.0,0.0,1.548,0.0,0.0,136.58,0.0,0.0,0.0,0.0,207.869,0.303,91.234,0.0,48.227,0.0,0.0,0.0,0.342,117.782,0.0,0.0,0.569,3.697,0.558,0.0,0.0,0.0,0.0,0.0,589.26,376.698,218.565,0.0,0.485,0.579,0.0,343.411,0.0,0.594,0.218,226.224,0.08,0.0,0.0
976,2585.752,30.259,0.385,0.0,1.589,24.848,0.0,0.0,1.548,0.0,8.292,84.787,0.0,0.0,0.0,0.0,88.107,0.308,69.795,0.0,30.64,10.263,16.675,0.0,0.315,46.275,0.0,0.0,0.685,0.0,0.522,0.0,0.0,0.0,0.0,2.131,424.252,239.74,142.78,12.94,11.533,0.546,0.0,272.573,0.0,0.869,0.42,0.0,102.975,0.0,0.0
991,1832.186,26.974,0.385,0.0,1.588,14.329,0.0,0.0,1.548,0.0,5.465,63.115,0.0,0.0,0.0,0.0,68.934,0.285,49.27,0.0,22.928,6.757,10.958,0.0,0.314,39.285,0.0,0.0,0.569,1.696,0.521,0.0,0.0,0.0,0.0,0.0,286.919,164.476,105.957,0.0,0.536,0.545,0.0,192.431,0.0,0.55,0.219,25.42,25.445,0.0,0.0
992,0.0,0.0,0.534,0.0,2.206,0.609,41.533,0.0,1.548,0.0,0.0,62.287,0.0,0.0,0.0,0.0,41.82,0.416,74.602,0.0,25.229,0.0,0.0,0.0,0.399,25.758,0.0,0.0,0.662,0.0,0.664,0.0,101.701,0.0,0.0,10.085,353.067,80.153,131.467,24.856,19.697,0.647,0.0,332.637,0.0,0.322,0.302,0.084,0.345,0.0,0.0
993,1733.83,20.783,0.387,0.0,1.594,17.006,0.0,0.0,1.548,0.0,5.558,58.31,0.0,0.0,0.0,0.0,59.741,0.295,48.607,0.0,21.175,6.889,11.199,0.0,0.316,33.091,0.0,0.0,0.593,1.803,0.524,0.0,0.0,0.0,0.0,0.0,294.756,165.686,98.375,0.0,0.633,0.547,0.0,190.076,0.0,0.627,0.257,0.0,72.206,0.0,0.0
1001,0.0,0.0,0.534,0.0,2.206,0.637,41.516,0.0,1.548,0.0,0.012,62.241,0.0,0.0,0.0,0.0,41.793,0.415,74.557,0.0,25.213,0.024,0.038,0.0,0.399,25.732,0.0,0.0,0.649,0.0,0.664,0.0,101.653,0.0,0.0,10.082,352.832,80.095,131.372,24.843,19.69,0.647,0.0,332.436,0.0,0.317,0.287,0.0,0.393,0.0,0.0
1007,134.502,7.488,0.454,0.0,1.88,0.814,15.982,0.0,1.548,0.0,0.0,54.638,0.0,0.0,0.0,0.0,43.937,0.308,49.291,0.0,20.803,0.0,0.0,0.0,0.352,26.537,0.0,0.0,0.546,2.393,0.584,0.0,13.08,0.0,0.0,0.0,235.288,98.637,100.367,0.0,0.547,0.59,0.0,206.502,0.0,0.38,0.181,15.214,3.092,0.0,0.0
1008,0.0,0.0,0.538,0.0,2.219,0.603,21.311,0.0,1.548,0.0,0.0,31.387,0.0,0.0,0.0,0.0,20.991,0.422,39.122,0.0,12.93,0.0,0.0,0.0,0.403,14.805,0.0,0.0,0.624,2.231,0.669,0.0,54.649,0.0,0.0,0.0,183.712,39.8,67.119,0.0,0.556,0.65,0.0,174.803,0.0,0.305,0.257,0.087,0.331,0.0,0.0
1009,0.0,0.0,0.538,0.0,2.219,0.632,21.308,0.0,1.548,0.0,0.012,31.357,0.0,0.0,0.0,0.0,20.976,0.422,39.099,0.0,12.921,0.026,0.042,0.0,0.403,14.791,0.0,0.0,0.616,2.232,0.669,0.0,54.636,0.0,0.0,0.0,183.582,39.763,67.062,0.0,0.552,0.65,0.0,174.701,0.0,0.302,0.247,0.0,0.38,0.0,0.0
1010,8437.073,72.405,19.601,0.0,41.222,43.717,0.0,0.0,1.548,0.0,0.0,63.64,108.707,136.132,56.04,0.0,44.455,0.102,21.194,0.0,6.747,0.0,0.0,0.0,5.669,36.901,0.0,0.0,0.654,0.0,328.938,0.0,0.0,0.0,0.0,0.0,516.613,294.624,111.719,0.0,0.846,49.593,0.0,74.902,0.0,0.942,0.365,0.0,216.122,9.268,663.48
1029,11141.333,136.684,0.583,26.434,0.0,64.36,0.0,17.578,1.548,0.0,0.0,120.421,98.942,112.362,1.396,0.0,0.399,0.148,5.007,0.0,0.0,0.0,0.0,0.0,0.331,56.775,0.0,0.0,60.105,0.0,3.857,169.561,0.0,0.0,0.0,0.0,837.407,495.25,199.282,0.0,41.063,0.467,0.0,17.035,33.31,166.704,35.11,0.0,218.792,68.112,1090.893
1035,2609.793,29.815,0.396,0.0,0.0,25.531,0.0,0.011,1.548,0.0,7.983,38.671,15.435,14.853,0.792,0.01,30.051,0.155,13.787,0.0,5.792,9.764,15.67,0.0,0.221,24.218,0.0,0.007,0.615,0.0,3.586,0.0,0.0,0.0,0.0,0.001,284.96,163.353,67.561,0.0,0.632,0.326,0.0,50.139,0.0,0.79,0.295,0.0,114.26,9.481,307.844
1036,2623.325,30.338,0.212,0.3,0.529,25.5,0.0,0.126,1.548,0.0,7.898,39.266,15.041,14.349,0.335,0.0,30.832,0.114,14.4,0.0,6.225,9.666,15.515,0.0,0.171,24.443,0.0,0.0,1.177,0.0,1.76,0.0,0.0,0.0,0.0,0.0,288.124,165.181,68.489,0.0,0.82,0.0,0.0,52.428,0.366,2.433,0.546,0.0,113.149,9.817,302.451
1037,189.184,6.087,0.202,0.0,0.0,2.28,32.428,0.012,1.548,0.0,0.0,38.448,18.191,17.282,0.356,0.011,18.167,0.155,11.213,0.0,4.471,0.0,0.0,0.0,0.107,25.419,0.0,0.008,0.558,0.0,3.378,0.0,31.24,0.0,0.0,0.002,192.855,84.975,77.269,0.0,0.556,0.161,0.0,41.555,0.0,0.454,0.199,0.0,36.417,13.581,133.889
1038,10953.847,226.115,0.442,0.0,0.0,1.075,0.0,0.0,1.548,0.0,0.0,86.256,40.156,45.359,0.762,0.0,69.641,0.177,18.287,0.0,8.818,0.0,0.0,0.0,0.223,60.323,0.0,0.0,0.598,0.0,11.162,0.0,0.0,0.0,0.0,0.0,1462.363,746.885,145.847,0.0,0.549,0.313,0.0,60.235,0.0,0.698,0.265,515.374,0.184,28.666,3308.599
1039,232.917,7.054,0.14,0.204,0.487,2.621,31.917,0.113,1.548,0.0,0.0,39.826,18.477,17.652,0.224,0.0,19.46,0.124,11.972,0.0,4.912,0.0,0.0,0.0,0.102,25.888,0.0,0.0,0.889,0.0,1.692,0.0,30.279,0.0,0.0,0.0,202.751,91.884,79.216,0.0,0.723,0.0,0.0,44.333,0.311,0.988,0.412,0.0,38.653,13.872,137.846
1040,2612.71,29.826,0.396,0.0,0.0,25.544,0.0,0.0,1.548,0.0,7.982,38.585,15.468,14.882,0.793,0.0,29.933,0.155,13.695,0.0,5.748,9.762,15.667,0.0,0.222,24.174,0.0,0.0,0.614,0.0,3.585,0.0,0.0,0.0,0.0,0.0,284.799,163.273,67.426,0.0,0.617,0.326,0.0,49.785,0.0,0.788,0.293,0.0,114.27,9.498,308.292
1043,192.653,6.145,0.202,0.0,0.0,2.301,32.413,0.0,1.548,0.0,0.0,38.452,18.248,17.347,0.358,0.0,18.156,0.154,11.158,0.0,4.445,0.0,0.0,0.0,0.108,25.429,0.0,0.0,0.557,0.0,3.373,0.0,31.178,0.0,0.0,0.0,193.244,85.335,77.263,0.0,0.543,0.162,0.0,41.327,0.0,0.454,0.198,0.0,36.667,13.618,134.613
1045,185.58,6.019,0.194,0.0,0.068,2.258,32.466,0.0,1.548,0.0,0.0,38.293,18.157,17.239,0.336,0.0,18.029,0.156,11.113,0.0,4.448,0.0,0.0,0.0,0.107,25.359,0.0,0.0,0.557,0.0,3.149,0.0,31.334,0.0,0.0,0.0,191.957,84.402,77.036,0.0,0.542,0.136,0.0,41.177,0.0,0.451,0.198,0.0,36.128,13.579,133.347
1046,2608.277,29.79,0.374,0.0,0.057,25.53,0.0,0.0,1.548,0.0,7.988,38.563,15.424,14.831,0.751,0.0,29.919,0.155,13.689,0.0,5.77,9.77,15.68,0.0,0.215,24.159,0.0,0.0,0.614,0.0,3.358,0.0,0.0,0.0,0.0,0.0,284.589,163.149,67.387,0.0,0.617,0.294,0.0,49.766,0.0,0.787,0.293,0.0,114.18,9.521,308.042
1053,10964.303,226.483,0.352,0.0,1.814,0.914,0.0,0.0,1.548,0.0,0.0,86.324,39.883,44.992,0.439,0.0,69.688,0.254,18.297,0.0,9.085,0.0,0.0,0.0,0.21,60.402,0.0,0.0,0.598,0.0,5.899,0.0,0.0,0.0,0.0,0.0,1465.451,748.566,145.949,0.0,0.548,0.0,0.0,60.254,0.0,0.698,0.264,516.9,0.156,28.876,3315.026
1054,186.366,8.235,0.131,0.0,0.491,1.525,32.289,0.0,1.548,0.0,0.0,38.493,17.463,16.411,0.213,0.0,18.198,0.139,9.826,0.0,4.59,0.0,0.0,0.0,0.094,25.627,0.0,0.0,0.55,0.0,1.737,0.0,28.795,0.0,0.0,0.0,188.048,80.373,77.408,0.0,0.515,0.0,0.0,36.905,0.0,0.427,0.188,15.141,11.855,13.229,204.577
1055,2579.369,29.55,0.212,0.0,0.527,25.435,0.0,0.0,1.548,0.0,8.028,38.424,15.057,14.361,0.335,0.0,29.833,0.167,13.661,0.0,5.92,9.82,15.76,0.0,0.171,24.065,0.0,0.0,0.614,0.0,1.756,0.0,0.0,0.0,0.0,0.0,283.359,162.428,67.139,0.0,0.618,0.0,0.0,49.673,0.0,0.788,0.293,0.0,113.567,9.823,306.32
1056,138.831,5.138,0.131,0.0,0.482,1.976,32.858,0.0,1.548,0.0,0.0,37.112,17.51,16.467,0.213,0.0,17.095,0.162,10.779,0.0,4.443,0.0,0.0,0.0,0.095,24.84,0.0,0.0,0.553,0.0,1.696,0.0,32.562,0.0,0.0,0.0,182.783,77.667,75.349,0.0,0.536,0.0,0.0,40.069,0.0,0.433,0.192,0.0,32.33,13.259,124.582
1057,2642.762,35.346,0.202,0.0,0.536,23.384,0.0,0.0,1.548,0.0,8.011,38.702,14.135,13.625,0.316,0.0,30.268,0.157,11.464,0.0,5.964,9.814,15.744,0.0,0.16,24.685,0.0,0.0,0.599,0.0,1.795,0.0,0.0,0.0,0.0,0.0,262.224,149.4,67.724,0.0,0.572,0.0,0.0,42.345,0.0,0.713,0.267,24.658,70.056,9.443,423.074
1059,13205.496,271.515,0.775,0.0,0.0,0.0,0.0,1.127,1.548,0.0,0.0,82.494,120.731,141.681,1.526,0.975,0.471,0.319,0.349,0.0,0.0,0.0,0.0,0.0,0.343,53.155,0.0,0.676,0.779,0.0,11.825,59.757,0.0,0.0,0.0,0.21,1652.596,825.497,139.671,0.0,3.876,0.5,0.0,1.336,0.0,1.266,0.611,626.399,0.0,82.307,4495.132
1060,2870.341,30.876,0.585,0.0,0.0,27.768,0.0,0.011,1.548,0.0,9.031,33.093,36.018,41.601,1.415,0.01,0.42,0.22,2.33,0.0,0.0,11.172,18.045,0.0,0.327,20.801,0.0,0.007,0.702,0.0,4.0,24.795,0.0,0.0,0.0,0.001,266.156,151.328,57.967,0.0,1.304,0.476,0.0,8.028,0.0,1.103,0.458,0.0,114.509,23.912,457.333
1063,188.691,5.924,0.239,0.0,0.0,2.234,35.991,0.013,1.548,0.0,0.0,39.073,31.321,35.336,0.43,0.011,0.181,0.168,1.976,0.0,0.0,0.0,0.0,0.0,0.132,28.484,0.0,0.009,0.606,0.0,3.122,26.48,33.377,0.0,0.0,0.004,172.619,78.17,78.271,0.0,0.932,0.2,0.0,6.841,0.0,0.537,0.272,0.0,33.81,24.289,218.775
1064,0.0,0.0,0.141,0.0,0.0,0.637,44.907,0.874,1.548,0.0,0.0,28.974,22.072,22.055,0.258,0.864,0.133,0.173,1.369,0.0,0.0,0.0,0.0,0.0,0.06,24.72,0.0,1.623,0.692,0.0,3.015,30.47,71.818,0.0,0.0,0.61,122.061,35.948,65.547,0.0,1.722,0.091,0.0,4.798,0.0,0.392,0.345,0.0,0.694,17.355,158.387
1066,277.423,15.168,0.25,0.0,0.0,0.0,38.236,1.277,1.548,0.0,0.0,45.055,39.076,45.553,0.445,1.128,0.223,0.164,0.446,0.0,0.0,0.0,0.0,0.0,0.137,31.907,0.0,0.868,0.664,0.0,3.966,34.547,30.842,0.0,0.0,0.459,236.434,99.612,89.316,0.0,3.012,0.207,0.0,1.715,0.0,0.638,0.36,48.823,0.0,30.517,601.795
1067,0.0,0.0,0.141,0.0,0.0,0.0,45.656,1.874,1.548,0.0,0.0,31.206,23.556,23.647,0.258,1.835,0.133,0.175,1.164,0.0,0.0,0.0,0.0,0.0,0.061,25.961,0.0,3.538,0.928,0.0,3.061,36.124,67.085,0.0,0.0,1.259,131.734,38.965,70.159,0.0,2.937,0.091,0.0,4.111,0.0,0.525,0.639,6.538,0.0,18.542,212.122
1068,10727.024,215.865,1.67,0.0,18.59,3.882,0.0,0.0,1.548,0.0,0.0,57.37,83.82,104.104,18.282,0.0,30.117,0.109,11.848,0.0,0.0,0.0,0.0,0.0,0.485,34.554,0.0,0.0,0.638,0.0,141.828,0.0,0.0,0.0,0.0,0.0,1322.534,666.071,103.639,0.0,0.716,11.184,0.0,40.987,0.0,0.823,0.333,481.668,0.667,35.321,3429.186
1073,3185.187,33.297,1.394,0.0,10.147,27.083,0.0,0.0,1.548,0.0,7.21,33.191,38.492,47.426,13.865,0.0,20.968,0.104,13.548,0.0,0.0,8.814,14.165,0.0,0.36,18.608,0.0,0.0,0.655,0.0,54.641,0.0,0.0,0.0,0.0,0.0,293.53,162.904,60.016,0.0,0.87,9.619,0.0,49.296,0.0,0.92,0.366,0.0,117.809,8.872,391.069
1075,12124.274,246.971,0.794,0.0,0.0,1.072,0.0,0.0,1.548,0.0,0.0,70.161,107.075,125.922,1.575,0.0,0.495,0.308,0.356,0.0,0.0,0.0,0.0,0.0,0.348,46.702,0.0,0.0,0.69,0.0,11.958,42.935,0.0,0.0,0.0,0.0,1501.115,750.591,120.484,0.0,1.116,0.511,0.0,1.358,0.0,0.984,0.428,565.207,0.173,72.912,4058.214
1076,2870.214,30.863,0.585,0.0,0.0,27.752,0.0,0.0,1.548,0.0,9.02,33.028,35.987,41.562,1.416,0.0,0.42,0.219,2.329,0.0,0.0,11.157,18.02,0.0,0.327,20.777,0.0,0.0,0.701,0.0,4.002,24.655,0.0,0.0,0.0,0.0,265.986,151.218,57.866,0.0,1.274,0.476,0.0,8.026,0.0,1.098,0.455,0.0,114.432,23.885,456.841
1081,1049.872,16.945,1.158,0.0,9.552,7.141,28.329,0.0,1.548,0.0,0.0,39.045,38.449,45.282,10.755,0.0,17.909,0.104,13.54,0.0,0.0,0.0,0.0,0.0,0.2,24.877,0.0,0.0,0.602,0.0,53.393,0.0,23.468,0.0,0.0,0.0,270.094,134.313,77.715,0.0,0.689,8.384,0.0,49.27,0.0,0.639,0.271,0.0,75.065,14.41,268.331
1082,192.165,5.981,0.24,0.0,0.0,2.255,35.935,0.0,1.548,0.0,0.0,39.082,31.379,35.418,0.433,0.0,0.181,0.168,1.981,0.0,0.0,0.0,0.0,0.0,0.133,28.483,0.0,0.0,0.606,0.0,3.123,26.336,33.282,0.0,0.0,0.0,173.062,78.506,78.255,0.0,0.911,0.201,0.0,6.856,0.0,0.538,0.271,0.0,34.054,24.325,219.198
1083,2867.731,30.848,0.547,0.0,0.047,27.76,0.0,0.0,1.548,0.0,9.034,33.027,35.976,41.525,1.328,0.0,0.387,0.216,2.16,0.0,0.0,11.176,18.051,0.0,0.315,20.782,0.0,0.0,0.701,0.0,3.721,24.753,0.0,0.0,0.0,0.0,265.473,151.016,57.855,0.0,1.275,0.427,0.0,7.431,0.0,1.099,0.456,0.0,114.468,23.993,457.27
1085,185.074,5.858,0.225,0.0,0.051,2.213,36.016,0.0,1.548,0.0,0.0,38.944,31.222,35.203,0.407,0.0,0.159,0.166,1.826,0.0,0.0,0.0,0.0,0.0,0.128,28.438,0.0,0.0,0.605,0.0,2.892,26.417,33.466,0.0,0.0,0.0,171.388,77.588,78.076,0.0,0.908,0.178,0.0,6.31,0.0,0.534,0.27,0.0,33.559,24.239,218.041
1094,10714.61,224.848,0.335,0.0,1.73,0.0,0.0,0.962,1.548,0.0,0.0,98.091,35.273,39.276,0.421,0.832,89.909,0.253,28.767,0.0,14.269,0.0,0.0,0.0,0.202,70.003,0.0,0.578,0.647,0.0,5.679,0.0,0.0,0.0,0.0,0.076,1473.697,750.523,163.86,0.0,1.578,0.0,0.0,96.709,0.0,0.833,0.348,516.546,0.0,25.48,3184.266
1098,0.0,0.0,0.094,0.0,0.487,0.631,40.012,0.512,1.548,0.0,0.0,27.668,13.28,11.047,0.172,0.487,10.654,0.192,10.17,0.0,3.938,0.0,0.0,0.0,0.06,20.907,0.0,1.0,0.654,0.0,1.871,0.0,71.688,0.0,0.0,0.307,138.029,36.044,62.165,0.0,0.989,0.0,0.0,39.5,0.0,0.37,0.297,0.0,0.804,10.202,78.752
1100,238.599,13.597,0.137,0.0,0.632,0.0,30.839,1.055,1.548,0.0,0.0,48.078,16.48,15.478,0.216,0.923,26.877,0.135,14.882,0.0,7.681,0.0,0.0,0.0,0.096,30.135,0.0,0.743,0.578,0.0,2.278,0.0,24.908,0.0,0.0,0.232,262.545,108.602,92.4,0.0,1.497,0.0,0.0,57.348,0.0,0.474,0.226,42.97,0.0,12.473,377.177
1104,0.0,0.0,0.094,0.0,0.52,0.0,37.777,1.47,1.548,0.0,0.0,30.153,12.702,10.507,0.171,1.405,12.701,0.177,12.44,0.0,5.125,0.0,0.0,0.0,0.059,21.396,0.0,3.322,0.802,0.0,2.0,0.0,60.642,0.0,0.0,0.903,152.498,39.312,66.485,0.0,1.887,0.0,0.0,49.754,0.0,0.441,0.479,6.851,0.0,9.752,112.124
1109,2640.288,30.918,0.0,0.525,0.813,25.476,0.0,0.249,1.548,0.0,7.793,40.053,14.768,14.052,0.108,0.0,31.831,0.121,15.193,0.0,6.714,9.544,15.321,0.0,0.121,24.798,0.0,0.0,1.698,0.0,0.0,0.0,0.0,0.0,0.0,0.0,292.169,167.495,69.724,0.0,0.991,0.151,0.0,55.407,0.741,3.819,0.706,0.0,112.219,9.9,296.689
1110,286.45,8.158,0.0,0.385,0.85,3.033,31.337,0.231,1.548,0.0,0.0,41.388,18.724,17.968,0.08,0.0,20.975,0.145,12.905,0.0,5.418,0.0,0.0,0.0,0.1,26.442,0.0,0.0,1.241,0.0,0.0,0.0,29.257,0.0,0.0,0.0,214.02,99.561,81.432,0.0,0.91,0.161,0.0,47.781,0.629,1.471,0.61,0.0,41.404,14.145,142.814
1116,10974.711,226.842,0.0,0.0,3.23,0.752,0.0,0.0,1.548,0.0,0.0,86.383,39.638,44.667,0.097,0.0,69.751,0.352,18.31,0.0,9.343,0.0,0.0,0.0,0.311,60.462,0.0,0.0,0.598,0.0,0.0,0.0,0.0,0.0,0.0,0.0,1469.192,750.455,146.034,0.0,0.548,0.334,0.0,60.281,0.0,0.698,0.264,518.375,0.128,29.14,3320.679
1119,2655.715,38.209,0.0,0.0,0.957,22.296,0.0,0.0,1.548,0.0,8.011,38.665,13.404,12.95,0.098,0.0,29.812,0.165,11.087,0.0,6.076,9.805,15.713,0.0,0.118,24.943,0.0,0.0,0.588,0.0,0.0,0.0,0.0,0.0,0.0,0.0,273.942,152.753,67.75,0.0,0.542,0.16,0.0,40.923,0.0,0.666,0.249,36.039,52.777,9.307,479.014
1120,166.905,8.551,0.0,0.0,0.894,1.146,32.327,0.0,1.548,0.0,0.0,38.61,17.148,16.032,0.077,0.0,18.298,0.161,9.252,0.0,4.732,0.0,0.0,0.0,0.099,25.742,0.0,0.0,0.549,0.0,0.0,0.0,28.309,0.0,0.0,0.0,187.511,79.111,77.607,0.0,0.507,0.164,0.0,35.004,0.0,0.42,0.186,20.198,6.362,13.138,234.971
1124,2658.282,31.518,0.332,0.749,1.361,25.455,0.0,0.379,1.548,0.0,7.681,40.863,14.561,13.866,0.0,0.0,32.85,0.231,16.073,0.0,7.231,9.413,15.113,0.0,0.286,25.156,0.0,0.0,2.236,0.0,0.474,0.0,0.0,0.0,0.0,0.0,296.216,169.821,70.999,0.0,1.176,0.511,0.0,58.697,1.126,5.208,0.877,0.0,111.349,9.849,291.162
1129,10659.197,224.114,0.428,0.0,0.0,0.0,0.0,1.132,1.548,0.0,0.0,99.776,34.855,38.799,0.739,0.979,92.818,0.183,30.424,0.0,14.88,0.0,0.0,0.0,0.216,71.326,0.0,0.681,0.652,0.0,10.7,0.0,0.0,0.0,0.0,0.093,1471.303,748.971,166.458,0.0,1.759,0.308,0.0,102.602,0.0,0.847,0.357,514.799,0.0,24.764,3156.816
1130,342.796,9.272,0.342,0.572,1.404,3.462,30.757,0.356,1.548,0.0,0.0,42.871,18.939,18.258,0.0,0.0,22.474,0.267,13.913,0.0,5.954,0.0,0.0,0.0,0.292,26.967,0.0,0.0,1.619,0.0,0.484,0.0,28.321,0.0,0.0,0.0,224.761,106.847,83.532,0.0,1.111,0.519,0.0,51.5,0.95,2.001,0.821,0.0,44.125,14.29,147.776
1132,2659.147,40.174,0.419,0.0,1.749,21.556,0.0,0.0,1.548,0.0,8.019,38.72,12.975,12.574,0.0,0.0,29.495,0.298,11.075,0.0,6.22,9.812,15.711,0.0,0.323,25.169,0.0,0.0,0.581,0.0,0.539,0.0,0.0,0.0,0.0,0.0,286.401,157.219,67.862,0.0,0.524,0.556,0.0,40.731,0.0,0.638,0.237,43.55,43.044,9.14,517.844
1135,139.138,8.124,0.361,0.0,1.489,0.836,32.453,0.0,1.548,0.0,0.0,38.348,16.852,15.689,0.0,0.0,18.09,0.289,8.934,0.0,4.852,0.0,0.0,0.0,0.301,25.65,0.0,0.0,0.549,0.0,0.499,0.0,28.332,0.0,0.0,0.0,185.128,76.852,77.245,0.0,0.502,0.529,0.0,33.952,0.0,0.414,0.185,22.528,3.685,12.967,247.74
1137,10986.235,227.299,1.475,0.0,5.474,0.58,0.0,0.0,1.548,0.0,0.0,86.52,39.203,44.08,0.0,0.0,69.654,0.831,18.287,0.0,9.642,0.0,0.0,0.0,1.087,60.693,0.0,0.0,0.597,0.0,1.873,0.0,0.0,0.0,0.0,0.0,1467.575,750.704,146.266,0.0,0.544,1.439,0.0,60.228,0.0,0.695,0.263,520.368,0.098,28.863,3332.984
1140,0.0,0.0,0.132,0.0,0.0,0.631,39.742,0.768,1.548,0.0,0.0,28.379,13.192,10.971,0.244,0.731,11.232,0.197,11.074,0.0,4.176,0.0,0.0,0.0,0.051,21.047,0.0,1.491,0.654,0.0,3.775,0.0,70.972,0.0,0.0,0.46,141.345,37.155,63.383,0.0,1.216,0.078,0.0,43.223,0.0,0.371,0.298,0.0,0.804,10.098,77.237
1143,0.0,0.0,0.131,0.0,0.0,0.0,37.48,1.728,1.548,0.0,0.0,30.809,12.618,10.437,0.243,1.651,13.243,0.182,13.29,0.0,5.347,0.0,0.0,0.0,0.05,21.523,0.0,3.852,0.806,0.0,4.016,0.0,59.726,0.0,0.0,1.059,155.42,40.362,67.624,0.0,2.117,0.076,0.0,53.306,0.0,0.444,0.484,6.844,0.0,9.654,110.269
1144,273.907,14.968,0.192,0.0,0.0,0.0,30.524,1.237,1.548,0.0,0.0,49.861,16.533,15.578,0.335,1.082,28.61,0.134,16.01,0.0,8.122,0.0,0.0,0.0,0.099,31.021,0.0,0.863,0.581,0.0,4.656,0.0,24.46,0.0,0.0,0.271,275.407,114.939,95.163,0.0,1.671,0.148,0.0,61.735,0.0,0.483,0.23,46.111,0.0,12.393,398.057
1201,9349.226,82.677,32.22,0.0,26.136,49.944,0.0,0.0,1.548,0.0,0.0,55.949,168.578,207.408,82.397,0.0,0.0,0.126,0.0,0.0,19.169,0.0,0.0,0.0,10.671,38.383,0.0,0.0,0.711,0.0,153.613,36.143,0.0,0.0,0.0,0.0,302.088,194.04,101.51,0.0,1.057,57.124,0.0,0.0,0.0,1.307,0.481,0.0,275.097,11.286,1049.736
1202,10769.767,225.555,0.0,0.0,3.101,0.0,0.0,0.792,1.548,0.0,0.0,96.328,35.748,39.833,0.096,0.685,86.878,0.338,27.072,0.0,13.641,0.0,0.0,0.0,0.287,68.594,0.0,0.476,0.641,0.0,0.0,0.0,0.0,0.0,0.0,0.06,1476.542,752.22,161.147,0.0,1.398,0.316,0.0,90.703,0.0,0.817,0.338,518.204,0.0,26.251,3211.396
1205,0.0,0.0,0.0,0.0,0.94,0.631,40.278,0.256,1.548,0.0,0.0,26.929,13.355,11.1,0.075,0.244,10.057,0.23,9.246,0.0,3.691,0.0,0.0,0.0,0.101,20.757,0.0,0.502,0.653,0.0,0.0,0.0,72.375,0.0,0.0,0.154,134.569,34.9,60.905,0.0,0.763,0.168,0.0,35.714,0.0,0.369,0.297,0.0,0.805,10.333,80.298
1207,202.178,12.119,0.0,0.0,1.128,0.0,31.171,0.872,1.548,0.0,0.0,46.198,16.391,15.328,0.077,0.764,25.096,0.162,13.74,0.0,7.223,0.0,0.0,0.0,0.109,29.216,0.0,0.621,0.575,0.0,0.0,0.0,25.428,0.0,0.0,0.193,248.712,101.845,89.497,0.0,1.324,0.174,0.0,52.916,0.0,0.464,0.221,39.604,0.0,12.556,354.12
1216,0.0,0.0,0.0,0.0,1.013,0.0,38.077,1.212,1.548,0.0,0.0,29.481,12.77,10.552,0.075,1.158,12.15,0.216,11.581,0.0,4.897,0.0,0.0,0.0,0.105,21.265,0.0,2.775,0.798,0.0,0.0,0.0,61.581,0.0,0.0,0.745,149.504,38.241,65.324,0.0,1.657,0.172,0.0,46.17,0.0,0.437,0.474,6.858,0.0,9.878,114.04
1261,2546.173,29.282,0.0,0.0,0.808,25.328,0.0,0.0,1.548,0.0,8.074,38.256,14.792,14.071,0.108,0.0,29.724,0.174,13.608,0.0,6.071,9.877,15.853,0.0,0.121,23.952,0.0,0.0,0.614,0.0,0.0,0.0,0.0,0.0,0.0,0.0,281.695,161.44,66.84,0.0,0.618,0.15,0.0,49.495,0.0,0.787,0.293,0.0,112.9,9.91,304.497
1269,81.892,3.883,0.0,0.0,0.87,1.63,33.522,0.0,1.548,0.0,0.0,35.189,16.532,15.267,0.076,0.0,15.62,0.192,10.251,0.0,4.359,0.0,0.0,0.0,0.098,24.026,0.0,0.0,0.547,0.0,0.0,0.0,34.894,0.0,0.0,0.0,169.426,67.537,72.602,0.0,0.524,0.164,0.0,38.314,0.0,0.402,0.182,0.0,26.831,12.709,112.572
1273,0.0,0.0,0.35,0.0,1.489,0.631,40.542,0.0,1.548,0.0,0.0,26.136,13.448,11.182,0.005,0.0,9.424,0.358,8.372,0.0,3.45,0.0,0.0,0.0,0.304,20.589,0.0,0.0,0.655,0.0,0.491,0.0,73.05,0.0,0.0,0.0,130.585,33.672,59.567,0.0,0.539,0.521,0.0,32.098,0.0,0.37,0.298,0.0,0.81,10.436,81.979
1286,11090.376,130.284,0.556,33.62,0.0,68.512,0.0,22.778,1.548,0.0,0.0,106.888,103.796,107.383,1.358,0.0,0.0,0.131,0.0,0.0,0.129,0.0,0.0,0.0,0.357,53.217,0.0,0.0,67.426,0.0,1.97,185.741,0.0,0.0,0.0,0.0,458.097,315.392,182.253,0.0,37.888,0.433,0.0,0.0,28.021,225.467,34.828,0.0,310.289,65.471,1541.057
1289,10828.733,226.356,1.399,0.0,5.28,0.0,0.0,0.611,1.548,0.0,0.0,94.405,36.169,40.311,0.0,0.528,83.319,0.786,25.167,0.0,12.986,0.0,0.0,0.0,1.013,67.163,0.0,0.367,0.633,0.0,1.744,0.0,0.0,0.0,0.0,0.043,1473.985,752.246,158.231,0.0,1.198,1.355,0.0,84.05,0.0,0.795,0.323,520.321,0.0,26.61,3246.848
1295,0.0,0.0,0.4,0.0,1.648,0.0,38.403,0.934,1.548,0.0,0.0,28.721,12.861,10.628,0.0,0.893,11.532,0.356,10.752,0.0,4.665,0.0,0.0,0.0,0.324,21.11,0.0,2.172,0.793,0.0,0.537,0.0,62.619,0.0,0.0,0.575,145.702,37.017,64.021,0.0,1.412,0.557,0.0,42.635,0.0,0.433,0.468,6.877,0.0,9.982,116.39
1297,161.642,10.373,0.426,0.0,1.774,0.0,31.556,0.677,1.548,0.0,0.0,44.063,16.311,15.199,0.0,0.593,23.171,0.303,12.507,0.0,6.746,0.0,0.0,0.0,0.33,28.185,0.0,0.489,0.572,0.0,0.549,0.0,26.12,0.0,0.0,0.151,230.48,93.634,86.209,0.0,1.139,0.564,0.0,48.162,0.0,0.453,0.216,35.745,0.0,12.547,327.665
1306,11098.783,130.455,0.292,33.813,0.234,68.611,0.0,22.912,1.548,0.0,0.0,107.142,103.356,106.692,0.538,0.0,0.0,0.139,0.0,0.0,0.0,0.0,0.0,0.0,0.29,53.314,0.0,0.0,67.769,0.0,0.747,186.591,0.0,0.0,0.0,0.0,458.85,316.007,182.659,0.0,38.072,0.0,0.0,0.0,28.133,226.654,35.009,0.0,310.62,66.293,1544.243
1312,13123.34,269.597,0.416,0.0,1.775,0.0,0.0,0.958,1.548,0.0,0.0,81.177,119.386,139.888,0.574,0.829,0.0,0.351,0.0,0.0,0.0,0.0,0.0,0.0,0.275,52.581,0.0,0.574,0.772,0.0,5.939,58.403,0.0,0.0,0.0,0.167,1640.467,819.634,137.547,0.0,3.47,0.0,0.0,0.0,0.0,1.242,0.595,621.987,0.0,82.678,4463.112
1313,0.0,0.0,0.093,0.0,0.244,0.644,45.025,0.534,1.548,0.0,0.0,27.201,21.528,21.336,0.176,0.516,0.0,0.184,0.0,0.0,0.0,0.0,0.0,0.0,0.064,24.1,0.0,0.849,0.728,0.0,0.902,33.384,74.321,0.0,0.0,0.338,80.08,32.155,62.715,0.0,1.335,0.0,0.0,0.0,0.0,0.434,0.392,0.0,0.916,16.948,186.903
1314,13275.034,272.91,0.522,0.0,0.0,0.0,0.0,1.127,1.548,0.0,0.0,82.858,121.551,142.441,0.89,0.975,0.0,0.237,0.0,0.0,0.084,0.0,0.0,0.0,0.282,53.461,0.0,0.676,0.78,0.0,10.791,60.759,0.0,0.0,0.0,0.21,1660.339,829.448,140.211,0.0,3.89,0.324,0.0,0.0,0.0,1.268,0.612,629.653,0.0,83.778,4521.463
1316,2859.292,31.068,0.581,0.0,0.0,28.462,0.0,0.011,1.548,0.0,9.211,32.205,40.825,42.382,1.421,0.009,0.0,0.215,0.0,0.0,0.131,11.752,19.046,0.0,0.371,20.617,0.0,0.006,0.755,0.0,2.066,27.634,0.0,0.0,0.0,0.001,174.905,113.252,56.825,0.0,1.332,0.443,0.0,0.0,0.0,1.535,0.577,0.0,130.634,24.387,543.598
1319,241.87,13.759,0.153,0.0,0.516,0.0,38.156,1.088,1.548,0.0,0.0,43.657,37.769,43.81,0.24,0.961,0.0,0.155,0.0,0.0,0.0,0.0,0.0,0.0,0.114,31.314,0.0,0.745,0.66,0.0,1.791,33.311,31.044,0.0,0.0,0.392,221.009,93.444,87.053,0.0,2.677,0.0,0.0,0.0,0.0,0.625,0.353,45.558,0.0,29.733,570.077
1320,0.0,0.0,0.144,0.0,0.0,0.644,45.385,0.8,1.548,0.0,0.0,27.907,21.968,21.794,0.263,0.773,0.0,0.171,0.0,0.0,0.039,0.0,0.0,0.0,0.064,24.492,0.0,1.267,0.726,0.0,1.723,36.316,73.986,0.0,0.0,0.506,82.281,33.125,64.107,0.0,1.629,0.097,0.0,0.0,0.0,0.433,0.39,0.0,0.898,17.24,192.704
1321,179.159,5.408,0.235,0.0,0.0,2.283,36.453,0.012,1.548,0.0,0.0,37.166,32.47,36.11,0.432,0.01,0.0,0.189,0.0,0.0,0.063,0.0,0.0,0.0,0.138,27.966,0.0,0.008,0.621,0.0,1.358,33.073,39.3,0.0,0.0,0.002,95.567,61.627,75.794,0.0,0.891,0.193,0.0,0.0,0.0,0.623,0.297,0.0,36.953,24.762,279.152
1324,0.0,0.0,0.142,0.0,0.0,0.0,46.052,1.799,1.548,0.0,0.0,30.442,23.473,23.429,0.26,1.741,0.0,0.161,0.0,0.0,0.041,0.0,0.0,0.0,0.062,25.835,0.0,3.153,0.961,0.0,2.164,39.118,67.976,0.0,0.0,1.151,105.42,36.947,69.144,0.0,2.842,0.094,0.0,0.0,0.0,0.558,0.684,7.482,0.0,18.456,240.331
1325,277.865,15.2,0.223,0.0,0.0,0.0,38.445,1.277,1.548,0.0,0.0,45.138,39.326,45.823,0.385,1.127,0.0,0.13,0.0,0.0,0.056,0.0,0.0,0.0,0.122,32.053,0.0,0.867,0.665,0.0,3.422,35.244,31.033,0.0,0.0,0.458,234.446,99.299,89.496,0.0,3.015,0.172,0.0,0.0,0.0,0.64,0.362,49.085,0.0,30.805,607.117
1327,0.0,0.0,0.097,0.0,0.312,0.0,45.657,1.534,1.548,0.0,0.0,29.741,23.029,22.967,0.178,1.486,0.0,0.173,0.0,0.0,0.0,0.0,0.0,0.0,0.066,25.444,0.0,2.728,0.956,0.0,1.139,36.527,67.996,0.0,0.0,0.986,103.708,35.977,67.761,0.0,2.547,0.0,0.0,0.0,0.0,0.552,0.678,7.507,0.0,18.154,235.21
1344,12193.903,248.374,0.523,0.0,0.0,1.072,0.0,0.0,1.548,0.0,0.0,70.623,107.987,126.765,0.893,0.0,0.0,0.222,0.0,0.0,0.085,0.0,0.0,0.0,0.282,47.062,0.0,0.0,0.691,0.0,10.855,44.057,0.0,0.0,0.0,0.0,1508.725,754.467,121.147,0.0,1.123,0.325,0.0,0.0,0.0,0.986,0.43,568.482,0.173,74.501,4084.892
1348,182.512,5.463,0.236,0.0,0.0,2.304,36.396,0.0,1.548,0.0,0.0,37.179,32.551,36.208,0.434,0.0,0.0,0.189,0.0,0.0,0.063,0.0,0.0,0.0,0.139,27.967,0.0,0.0,0.62,0.0,1.356,32.891,39.224,0.0,0.0,0.0,95.682,61.808,75.785,0.0,0.872,0.194,0.0,0.0,0.0,0.624,0.296,0.0,37.251,24.807,279.76
1350,2859.18,31.055,0.581,0.0,0.0,28.446,0.0,0.0,1.548,0.0,9.199,32.144,40.801,42.346,1.423,0.0,0.0,0.215,0.0,0.0,0.131,11.737,19.02,0.0,0.371,20.594,0.0,0.0,0.754,0.0,2.067,27.475,0.0,0.0,0.0,0.0,174.773,113.146,56.73,0.0,1.302,0.443,0.0,0.0,0.0,1.528,0.573,0.0,130.557,24.362,543.029
1351,0.0,0.0,0.371,0.008,1.524,0.635,40.534,0.007,1.548,0.0,0.0,26.143,13.44,11.176,0.0,0.0,9.435,0.357,8.389,0.0,3.463,0.0,0.0,0.0,0.309,20.587,0.0,0.0,0.666,0.0,0.512,0.0,73.049,0.0,0.0,0.0,130.614,33.679,59.577,0.0,0.544,0.539,0.0,32.167,0.003,0.381,0.304,0.0,0.817,10.433,81.989
1352,175.7,5.345,0.221,0.0,0.025,2.261,36.451,0.0,1.548,0.0,0.0,37.03,32.322,35.93,0.407,0.0,0.0,0.19,0.0,0.0,0.055,0.0,0.0,0.0,0.134,27.903,0.0,0.0,0.619,0.0,1.272,32.837,39.364,0.0,0.0,0.0,95.125,61.265,75.581,0.0,0.869,0.17,0.0,0.0,0.0,0.619,0.294,0.0,36.643,24.683,277.562
1357,2854.765,31.017,0.548,0.0,0.019,28.431,0.0,0.0,1.548,0.0,9.206,32.128,40.728,42.252,1.351,0.0,0.0,0.214,0.0,0.0,0.118,11.745,19.034,0.0,0.359,20.583,0.0,0.0,0.754,0.0,1.94,27.473,0.0,0.0,0.0,0.0,174.665,113.082,56.7,0.0,1.303,0.401,0.0,0.0,0.0,1.529,0.573,0.0,130.454,24.408,542.683
1375,2510.802,29.001,0.329,0.0,1.348,25.214,0.0,0.0,1.548,0.0,8.124,38.064,14.592,13.889,0.0,0.0,29.59,0.283,13.596,0.0,6.236,9.939,15.952,0.0,0.284,23.823,0.0,0.0,0.614,0.0,0.471,0.0,0.0,0.0,0.0,0.0,279.682,160.259,66.505,0.0,0.619,0.509,0.0,49.455,0.0,0.787,0.293,0.0,112.209,9.862,302.705
1382,11107.535,130.656,0.0,33.983,0.286,68.708,0.0,23.031,1.548,0.0,0.0,107.366,103.238,106.538,0.194,0.0,0.0,0.187,0.0,0.0,0.051,0.0,0.0,0.0,0.203,53.373,0.0,0.0,68.085,0.0,0.0,187.329,0.0,0.0,0.0,0.0,459.702,316.612,183.025,0.0,38.26,0.161,0.0,0.0,28.252,227.609,35.188,0.0,310.871,66.658,1546.887
1391,2888.755,31.576,0.308,0.4,0.251,28.629,0.0,0.224,1.548,0.0,9.183,32.721,40.408,41.676,0.574,0.0,0.0,0.145,0.0,0.0,0.0,11.735,19.023,0.0,0.306,20.721,0.0,0.0,1.367,0.0,0.795,28.827,0.0,0.0,0.0,0.0,175.73,114.1,57.642,0.0,1.782,0.0,0.0,0.0,0.272,3.814,1.226,0.0,130.985,25.252,548.049
1392,220.926,6.229,0.138,0.281,0.196,2.64,36.152,0.183,1.548,0.0,0.0,38.412,33.736,37.589,0.241,0.0,0.0,0.151,0.0,0.0,0.0,0.0,0.0,0.0,0.118,28.441,0.0,0.0,0.99,0.0,0.688,34.915,38.544,0.0,0.0,0.0,99.482,65.558,77.569,0.0,1.149,0.0,0.0,0.0,0.221,1.359,0.597,0.0,40.085,25.812,294.859
1398,0.0,0.0,0.371,0.0,1.524,0.643,40.505,0.0,1.548,0.0,0.011,26.121,13.436,11.173,0.0,0.0,9.422,0.363,8.373,0.0,3.457,0.026,0.034,0.0,0.309,20.577,0.0,0.0,0.653,0.0,0.512,0.0,72.984,0.0,0.0,0.0,130.504,33.649,59.532,0.0,0.538,0.539,0.0,32.1,0.0,0.369,0.297,0.0,0.829,10.43,81.971
1400,0.0,0.0,0.371,0.0,1.525,0.613,40.505,0.0,1.548,0.0,0.0,26.122,13.439,11.171,0.0,0.0,9.416,0.362,8.351,0.0,3.456,0.0,0.0,0.0,0.309,20.582,0.0,0.0,0.664,0.0,0.512,0.0,72.757,0.0,0.0,0.0,130.599,33.615,59.548,0.0,0.544,0.539,0.0,32.028,0.0,0.375,0.31,0.211,0.744,10.431,83.186
1404,11120.247,130.925,0.561,34.214,0.54,68.856,0.0,23.189,1.557,0.0,0.0,107.63,103.137,106.396,0.0,0.0,0.0,0.246,0.0,0.0,0.17,0.0,0.0,0.0,0.292,53.53,0.0,0.0,68.459,0.0,0.478,188.267,0.0,0.0,0.0,0.0,460.236,317.102,183.444,0.0,38.484,0.526,0.0,0.0,28.398,228.711,35.388,0.0,311.508,66.803,1550.635
1436,12971.893,266.325,0.0,0.0,5.374,0.0,0.0,0.789,1.548,0.0,0.0,79.666,115.823,135.868,0.115,0.682,0.0,0.962,0.0,0.0,0.314,0.0,0.0,0.0,0.95,51.991,0.0,0.473,0.762,0.0,0.0,56.261,0.0,0.0,0.0,0.127,1618.932,809.265,135.156,0.0,3.032,0.805,0.0,0.0,0.0,1.211,0.573,614.567,0.0,80.993,4406.379
1438,12204.242,248.73,0.417,0.0,1.783,0.911,0.0,0.0,1.548,0.0,0.0,70.666,107.751,126.454,0.575,0.0,0.0,0.337,0.0,0.0,0.0,0.0,0.0,0.0,0.275,47.085,0.0,0.0,0.691,0.0,5.967,44.093,0.0,0.0,0.0,0.0,1511.745,755.993,121.202,0.0,1.124,0.0,0.0,0.0,0.0,0.987,0.43,569.968,0.147,74.736,4091.794
1444,0.0,0.0,0.0,0.0,0.676,0.0,45.268,1.267,1.548,0.0,0.0,29.047,22.532,22.425,0.075,1.228,0.0,0.269,0.0,0.0,0.074,0.0,0.0,0.0,0.166,25.062,0.0,2.287,0.951,0.0,0.0,33.937,68.063,0.0,0.0,0.817,101.965,35.014,66.388,0.0,2.248,0.227,0.0,0.0,0.0,0.547,0.671,7.536,0.0,17.84,230.118
1445,204.861,12.22,0.0,0.0,1.047,0.0,37.885,0.899,1.548,0.0,0.0,42.13,36.052,41.563,0.078,0.794,0.0,0.286,0.0,0.0,0.098,0.0,0.0,0.0,0.241,30.566,0.0,0.622,0.654,0.0,0.0,31.389,31.136,0.0,0.0,0.325,206.695,87.305,84.549,0.0,2.337,0.288,0.0,0.0,0.0,0.608,0.343,41.835,0.0,28.558,530.853
1447,0.0,0.0,0.0,0.0,0.516,0.645,44.669,0.267,1.548,0.0,0.0,26.496,21.048,20.819,0.075,0.258,0.0,0.266,0.0,0.0,0.067,0.0,0.0,0.0,0.143,23.714,0.0,0.426,0.73,0.0,0.0,30.402,74.713,0.0,0.0,0.169,77.802,31.19,61.327,0.0,1.039,0.207,0.0,0.0,0.0,0.435,0.395,0.0,0.937,16.645,181.02
1456,2825.815,30.753,0.31,0.0,0.251,28.334,0.0,0.0,1.548,0.0,9.248,32.063,40.1,41.313,0.578,0.0,0.0,0.226,0.0,0.0,0.0,11.808,19.136,0.0,0.308,20.535,0.0,0.0,0.755,0.0,0.795,27.522,0.0,0.0,0.0,0.0,173.861,112.698,56.557,0.0,1.305,0.0,0.0,0.0,0.0,1.538,0.576,0.0,129.827,25.008,540.783
1457,2916.051,37.884,0.26,0.0,0.445,25.593,0.0,0.0,1.548,0.0,9.121,30.423,34.87,40.246,0.435,0.0,0.0,0.2,0.0,0.0,0.0,11.359,18.338,0.0,0.231,19.872,0.0,0.0,0.694,0.0,1.448,23.263,0.0,0.0,0.0,0.0,215.989,124.272,54.502,0.0,1.168,0.0,0.0,0.0,0.0,1.062,0.441,28.791,70.193,24.628,632.966
1462,130.794,4.526,0.126,0.0,0.201,1.971,36.856,0.0,1.548,0.0,0.0,35.918,30.669,33.902,0.223,0.0,0.0,0.196,0.0,0.0,0.0,0.0,0.0,0.0,0.105,27.425,0.0,0.0,0.612,0.0,0.712,32.401,40.444,0.0,0.0,0.0,91.274,57.325,74.055,0.0,0.847,0.0,0.0,0.0,0.0,0.58,0.282,0.0,32.37,23.757,262.042
1464,185.334,8.165,0.132,0.0,0.302,1.509,36.201,0.0,1.548,0.0,0.0,36.159,30.951,34.677,0.224,0.0,0.0,0.155,0.0,0.0,0.0,0.0,0.0,0.0,0.104,27.527,0.0,0.0,0.61,0.0,1.061,25.128,33.296,0.0,0.0,0.0,124.307,63.644,74.397,0.0,0.843,0.0,0.0,0.0,0.0,0.549,0.276,16.853,11.383,24.188,334.512
1466,12811.868,263.053,4.306,0.0,10.102,0.0,0.0,0.608,1.548,0.0,0.0,78.573,108.617,128.139,0.0,0.526,0.0,2.964,0.0,0.0,0.965,0.0,0.0,0.0,4.185,52.237,0.0,0.365,0.748,0.0,6.469,54.637,0.0,0.0,0.0,0.087,1586.276,794.351,133.434,0.0,2.522,4.941,0.0,0.0,0.0,1.167,0.544,607.748,0.0,76.697,4356.472
1473,0.0,0.0,0.386,0.0,1.169,0.0,44.882,0.977,1.548,0.0,0.0,28.313,21.842,21.607,0.0,0.947,0.0,0.482,0.0,0.0,0.228,0.0,0.0,0.0,0.492,24.684,0.0,1.79,0.946,0.0,0.747,31.311,68.311,0.0,0.0,0.63,98.857,33.958,64.939,0.0,1.917,0.757,0.0,0.0,0.0,0.541,0.663,7.635,0.0,17.315,226.204
1474,163.921,10.426,0.606,0.0,1.742,0.0,37.63,0.696,1.548,0.0,0.0,40.432,33.846,38.62,0.0,0.615,0.0,0.594,0.0,0.0,0.297,0.0,0.0,0.0,0.724,29.787,0.0,0.487,0.648,0.0,1.104,29.418,31.407,0.0,0.0,0.252,188.015,79.962,81.794,0.0,1.966,1.025,0.0,0.0,0.0,0.589,0.331,37.692,0.0,26.848,487.468
1475,272.238,7.178,0.0,0.526,0.33,3.069,35.865,0.359,1.548,0.0,0.0,39.809,35.175,39.249,0.088,0.0,0.0,0.197,0.0,0.0,0.057,0.0,0.0,0.0,0.126,28.987,0.0,0.0,1.389,0.0,0.0,37.099,37.757,0.0,0.0,0.0,104.331,69.989,79.586,0.0,1.449,0.178,0.0,0.0,0.442,2.058,0.893,0.0,43.796,26.908,313.23
1477,2927.765,32.189,0.0,0.708,0.309,28.862,0.0,0.421,1.548,0.0,9.155,33.307,40.471,41.72,0.207,0.0,0.0,0.197,0.0,0.0,0.054,11.714,18.994,0.0,0.216,20.908,0.0,0.0,1.989,0.0,0.0,30.202,0.0,0.0,0.0,0.0,177.279,115.316,58.58,0.0,2.137,0.167,0.0,0.0,0.535,6.02,1.558,0.0,131.656,25.781,553.762
1485,12214.845,249.128,0.0,0.0,5.298,0.75,0.0,0.0,1.548,0.0,0.0,70.912,106.181,124.732,0.115,0.0,0.0,0.934,0.0,0.0,0.308,0.0,0.0,0.0,0.933,47.396,0.0,0.0,0.69,0.0,0.0,44.363,0.0,0.0,0.0,0.0,1513.16,756.982,121.571,0.0,1.117,0.792,0.0,0.0,0.0,0.986,0.429,571.694,0.121,74.413,4100.295
1497,2969.269,32.846,0.229,1.019,0.592,29.119,0.0,0.626,1.548,0.0,9.126,33.951,40.516,41.705,0.0,0.0,0.0,0.303,0.0,0.0,0.19,11.695,18.971,0.0,0.359,21.156,0.0,0.0,2.633,0.0,0.524,31.735,0.0,0.0,0.0,0.0,178.323,116.359,59.615,0.0,2.506,0.599,0.0,0.0,0.807,8.279,1.904,0.0,132.649,26.018,560.771
1501,0.0,0.0,0.298,0.016,0.88,0.649,44.337,0.011,1.548,0.0,0.0,25.804,20.446,20.118,0.0,0.0,0.0,0.438,0.0,0.0,0.204,0.0,0.0,0.0,0.411,23.348,0.0,0.0,0.744,0.0,0.616,27.584,75.326,0.0,0.0,0.0,74.591,30.218,59.965,0.0,0.749,0.661,0.0,0.0,0.003,0.451,0.405,0.0,0.98,16.191,176.251
1502,326.347,8.14,0.21,0.782,0.576,3.52,35.605,0.545,1.548,0.0,0.0,41.153,36.457,40.665,0.0,0.0,0.0,0.331,0.0,0.0,0.177,0.0,0.0,0.0,0.327,29.525,0.0,0.0,1.818,0.0,0.485,39.408,37.118,0.0,0.0,0.0,108.754,74.151,81.54,0.0,1.773,0.562,0.0,0.0,0.664,2.829,1.218,0.0,47.554,27.76,332.292
1508,12227.672,249.768,4.199,0.0,9.93,0.579,0.0,0.0,1.548,0.0,0.0,71.74,101.241,119.575,0.0,0.0,0.0,2.878,0.0,0.0,0.947,0.0,0.0,0.0,4.073,48.586,0.0,0.0,0.688,0.0,6.32,45.336,0.0,0.0,0.0,0.0,1505.092,754.213,122.851,0.0,1.087,4.815,0.0,0.0,0.0,0.979,0.424,574.61,0.093,71.635,4119.958
1509,2932.072,40.77,0.0,0.0,1.014,24.482,0.0,0.0,1.548,0.0,9.119,30.307,34.467,40.479,0.116,0.0,0.0,0.325,0.0,0.0,0.104,11.31,18.235,0.0,0.283,19.872,0.0,0.0,0.684,0.0,0.0,22.751,0.0,0.0,0.0,0.0,238.645,131.948,54.342,0.0,1.142,0.302,0.0,0.0,0.0,0.988,0.419,39.659,53.231,25.155,686.873
1512,2792.856,30.477,0.0,0.0,0.308,28.221,0.0,0.0,1.548,0.0,9.296,31.926,39.643,40.801,0.209,0.0,0.0,0.278,0.0,0.0,0.054,11.872,19.24,0.0,0.218,20.434,0.0,0.0,0.755,0.0,0.0,27.47,0.0,0.0,0.0,0.0,173.111,112.211,56.309,0.0,1.308,0.166,0.0,0.0,0.0,1.539,0.577,0.0,129.025,25.188,537.963
1513,166.978,8.506,0.0,0.0,0.69,1.136,36.209,0.0,1.548,0.0,0.0,36.01,30.709,34.495,0.078,0.0,0.0,0.24,0.0,0.0,0.078,0.0,0.0,0.0,0.179,27.475,0.0,0.0,0.609,0.0,0.0,23.772,32.276,0.0,0.0,0.0,136.28,64.885,74.201,0.0,0.837,0.236,0.0,0.0,0.0,0.535,0.274,21.625,6.143,24.224,357.892
1515,0.0,0.0,0.284,0.0,0.859,0.645,44.334,0.0,1.548,0.0,0.0,25.798,20.454,20.129,0.005,0.0,0.0,0.439,0.0,0.0,0.197,0.0,0.0,0.0,0.405,23.345,0.0,0.0,0.732,0.0,0.59,27.531,75.322,0.0,0.0,0.0,74.576,30.211,59.952,0.0,0.742,0.639,0.0,0.0,0.0,0.437,0.397,0.0,0.968,16.195,176.091
1518,76.592,3.395,0.0,0.0,0.39,1.616,37.548,0.0,1.548,0.0,0.0,34.067,28.219,30.808,0.079,0.0,0.0,0.251,0.0,0.0,0.061,0.0,0.0,0.0,0.129,26.644,0.0,0.0,0.601,0.0,0.0,31.556,42.43,0.0,0.0,0.0,86.15,51.287,71.507,0.0,0.812,0.191,0.0,0.0,0.0,0.521,0.262,0.0,26.277,22.158,239.608
1534,2937.282,42.877,0.832,0.0,2.158,23.729,0.0,0.0,1.548,0.0,9.133,30.411,33.827,40.001,0.0,0.0,0.0,0.782,0.0,0.0,0.369,11.311,18.222,0.0,0.983,20.067,0.0,0.0,0.678,0.0,1.486,22.688,0.0,0.0,0.0,0.0,253.077,137.035,54.489,0.0,1.116,1.322,0.0,0.0,0.0,0.952,0.408,47.327,43.737,24.961,730.03
1536,2757.683,30.195,0.23,0.0,0.592,28.109,0.0,0.0,1.548,0.0,9.348,31.81,39.13,40.189,0.0,0.0,0.0,0.385,0.0,0.0,0.19,11.947,19.362,0.0,0.359,20.375,0.0,0.0,0.756,0.0,0.525,27.487,0.0,0.0,0.0,0.0,171.649,111.411,56.091,0.0,1.306,0.6,0.0,0.0,0.0,1.543,0.578,0.0,128.411,25.051,535.768
1539,0.0,0.0,0.298,0.0,0.88,0.658,44.297,0.0,1.548,0.0,0.012,25.782,20.434,20.107,0.0,0.0,0.0,0.445,0.0,0.0,0.204,0.031,0.046,0.0,0.411,23.334,0.0,0.0,0.73,0.0,0.616,27.529,75.256,0.0,0.0,0.0,74.521,30.191,59.917,0.0,0.741,0.661,0.0,0.0,0.0,0.436,0.395,0.0,0.993,16.181,176.089
1540,0.0,0.0,0.3,0.0,0.887,0.626,44.316,0.0,1.548,0.0,0.0,25.79,20.437,20.106,0.0,0.0,0.0,0.446,0.0,0.0,0.204,0.0,0.0,0.0,0.412,23.338,0.0,0.0,0.746,0.0,0.619,27.311,75.129,0.0,0.0,0.0,74.998,30.203,59.941,0.0,0.75,0.663,0.0,0.0,0.0,0.445,0.415,0.238,0.883,16.183,176.957
1541,139.738,8.085,0.449,0.0,1.307,0.83,36.33,0.0,1.548,0.0,0.0,35.726,30.008,33.597,0.0,0.0,0.0,0.492,0.0,0.0,0.253,0.0,0.0,0.0,0.569,27.397,0.0,0.0,0.61,0.0,0.859,23.199,32.158,0.0,0.0,0.0,139.664,64.1,73.827,0.0,0.825,0.846,0.0,0.0,0.0,0.526,0.273,23.799,3.569,23.745,366.21
1559,3499.427,49.975,0.169,7.268,0.558,20.603,0.0,4.751,1.548,0.0,0.0,85.162,0.331,0.36,0.263,0.0,86.919,0.102,74.392,0.0,30.217,0.0,0.0,0.0,0.126,42.038,0.0,0.0,16.325,2.011,1.905,0.0,0.0,0.0,0.0,0.0,502.208,285.91,142.047,0.0,8.065,0.0,0.0,287.699,12.113,35.686,7.148,0.0,78.253,0.0,0.0
9999,0.0,0.0,0.345,2.055,1.374,0.0,0.0,0.0,1.548,0.0,1.525,5.007,0.669,0.707,0.685,0.535,4.859,1.311,6.723,0.0,1.979,3.506,5.254,0.0,0.036,2.879,0.797,0.0,2.057,0.114,17.65,0.0,0.0,0.0,0.566,1.0,31.304,5.909,11.209,0.0,0.944,0.604,1.993,29.524,0.374,1.089,0.47,8.903,0.0,0.106,14.145
